primaryCategories,reviews.rating
Electronics,3
Electronics,5
Electronics,4
Electronics,5
Electronics,5
Electronics,5
Electronics,5
Electronics,4
Electronics,5
Electronics,5
Electronics,5
Electronics,5
Electronics,5
Electronics,5
Electronics,5
Electronics,3
Electronics,5
Electronics,4
Electronics,5
Electronics,4
Electronics,1
Electronics,4
Electronics,5
Electronics,4
Electronics,4
Electronics,5
Electronics,5
Electronics,5
Electronics,5
Electronics,4
Electronics,4
Electronics,4
Electronics,4
Electronics,5
Electronics,4
Electronics,4
Electronics,5
Electronics,5
Electronics,5
Electronics,5
Electronics,5
Electronics,5
Electronics,5
Electronics,5
Electronics,4
Electronics,5
Electronics,4
Electronics,5
Electronics,4
Electronics,4
Electronics,5
Electronics,3
Electronics,4
Electronics,5
Electronics,5
Electronics,5
Electronics,5
Electronics,5
Electronics,5
Electronics,5
Electronics,4
Electronics,5
Electronics,4
Electronics,5
Electronics,5
Electronics,5
Electronics,5
Electronics,5
Electronics,5
Electronics,4
Electronics,1
Electronics,4
Electronics,3
Electronics,5
Electronics,5
Electronics,4
Electronics,5
Electronics,4
Electronics,3
Electronics,4
Electronics,2
Electronics,5
Electronics,3
Electronics,5
Electronics,4
Electronics,4
Electronics,5
Electronics,4
Electronics,5
Electronics,5
Electronics,4
Electronics,3
Electronics,5
Electronics,2
Electronics,5
Electronics,5
"Electronics,Hardware",5
"Electronics,Hardware",5
"Electronics,Hardware",5
"Electronics,Hardware",5
"Electronics,Hardware",5
"Electronics,Hardware",5
"Electronics,Hardware",5
"Electronics,Hardware",5
"Electronics,Hardware",4
"Electronics,Hardware",4
"Electronics,Hardware",5
"Electronics,Hardware",4
"Electronics,Hardware",5
"Electronics,Hardware",5
"Electronics,Hardware",5
"Electronics,Hardware",5
"Electronics,Hardware",5
"Electronics,Hardware",4
"Electronics,Hardware",5
"Electronics,Hardware",5
"Electronics,Hardware",4
"Electronics,Hardware",5
"Electronics,Hardware",5
"Electronics,Hardware",5
"Electronics,Hardware",5
"Electronics,Hardware",4
"Electronics,Hardware",5
"Electronics,Hardware",4
"Electronics,Hardware",5
"Electronics,Hardware",5
"Electronics,Hardware",5
"Electronics,Hardware",5
"Electronics,Hardware",5
"Electronics,Hardware",5
"Electronics,Hardware",4
"Electronics,Hardware",5
"Electronics,Hardware",4
"Electronics,Hardware",5
"Electronics,Hardware",5
"Electronics,Hardware",5
"Electronics,Hardware",4
"Electronics,Hardware",4
"Electronics,Hardware",5
"Electronics,Hardware",4
"Electronics,Hardware",5
"Electronics,Hardware",5
"Electronics,Hardware",5
"Electronics,Hardware",2
"Electronics,Hardware",5
"Electronics,Hardware",4
"Electronics,Hardware",5
"Electronics,Hardware",5
"Electronics,Hardware",5
"Electronics,Hardware",5
"Electronics,Hardware",5
"Electronics,Hardware",4
"Electronics,Hardware",4
"Electronics,Hardware",5
"Electronics,Hardware",5
"Electronics,Hardware",5
"Electronics,Hardware",5
"Electronics,Hardware",5
"Electronics,Hardware",4
"Electronics,Hardware",5
"Electronics,Hardware",4
"Electronics,Hardware",5
"Electronics,Hardware",3
"Electronics,Hardware",5
"Electronics,Hardware",5
"Electronics,Hardware",5
"Electronics,Hardware",5
"Electronics,Hardware",4
"Electronics,Hardware",5
"Electronics,Hardware",5
"Electronics,Hardware",5
"Electronics,Hardware",5
"Electronics,Hardware",4
"Electronics,Hardware",4
"Electronics,Hardware",5
"Electronics,Hardware",5
"Electronics,Hardware",4
"Electronics,Hardware",5
"Electronics,Hardware",5
"Electronics,Hardware",5
"Electronics,Hardware",5
"Electronics,Hardware",5
"Electronics,Hardware",5
"Electronics,Hardware",4
"Electronics,Hardware",4
"Electronics,Hardware",5
"Electronics,Hardware",5
"Electronics,Hardware",5
"Electronics,Hardware",3
"Electronics,Hardware",5
"Electronics,Hardware",5
"Electronics,Hardware",5
"Electronics,Hardware",5
"Electronics,Hardware",5
"Electronics,Hardware",4
"Electronics,Hardware",4
"Electronics,Hardware",5
"Electronics,Hardware",5
"Electronics,Hardware",5
"Electronics,Hardware",5
"Electronics,Hardware",5
"Electronics,Hardware",5
"Electronics,Hardware",5
"Electronics,Hardware",5
"Electronics,Hardware",5
"Electronics,Hardware",5
"Electronics,Hardware",5
"Electronics,Hardware",4
"Electronics,Hardware",5
"Electronics,Hardware",4
"Electronics,Hardware",5
"Electronics,Hardware",5
"Electronics,Hardware",4
"Electronics,Hardware",5
"Electronics,Hardware",5
"Electronics,Hardware",4
"Electronics,Hardware",5
"Electronics,Hardware",5
"Electronics,Hardware",4
"Electronics,Hardware",5
"Electronics,Hardware",5
"Electronics,Hardware",5
"Electronics,Hardware",5
"Electronics,Hardware",5
"Electronics,Hardware",5
"Electronics,Hardware",5
"Electronics,Hardware",4
"Electronics,Hardware",5
"Electronics,Hardware",5
"Electronics,Hardware",2
"Electronics,Hardware",5
"Electronics,Hardware",3
"Electronics,Hardware",5
"Electronics,Hardware",4
"Electronics,Hardware",5
"Electronics,Hardware",5
"Electronics,Hardware",5
"Electronics,Hardware",5
"Electronics,Hardware",3
"Electronics,Hardware",5
"Electronics,Hardware",5
"Electronics,Hardware",4
"Electronics,Hardware",5
"Electronics,Hardware",5
"Electronics,Hardware",5
"Electronics,Hardware",5
"Electronics,Hardware",5
"Electronics,Hardware",4
"Electronics,Hardware",5
"Electronics,Hardware",5
"Electronics,Hardware",5
"Electronics,Hardware",5
"Electronics,Hardware",3
"Electronics,Hardware",5
"Electronics,Hardware",5
"Electronics,Hardware",5
"Electronics,Hardware",5
"Electronics,Hardware",5
"Electronics,Hardware",5
"Electronics,Hardware",5
"Electronics,Hardware",5
"Electronics,Hardware",5
"Electronics,Hardware",5
"Electronics,Hardware",5
"Electronics,Hardware",5
"Electronics,Hardware",1
"Electronics,Hardware",5
"Electronics,Hardware",5
"Electronics,Hardware",5
"Electronics,Hardware",5
"Electronics,Hardware",5
"Electronics,Hardware",5
"Electronics,Hardware",5
"Electronics,Hardware",5
"Electronics,Hardware",5
"Electronics,Hardware",3
"Electronics,Hardware",5
"Electronics,Hardware",5
"Electronics,Hardware",4
"Electronics,Hardware",5
"Electronics,Hardware",4
"Electronics,Hardware",4
"Electronics,Hardware",5
"Electronics,Hardware",5
"Electronics,Hardware",4
"Electronics,Hardware",5
"Electronics,Hardware",5
"Electronics,Hardware",4
"Electronics,Hardware",5
"Electronics,Hardware",4
"Electronics,Hardware",4
"Electronics,Hardware",4
"Electronics,Hardware",4
"Electronics,Hardware",5
"Electronics,Hardware",5
"Electronics,Hardware",5
"Electronics,Hardware",4
"Electronics,Hardware",5
"Electronics,Hardware",5
"Electronics,Hardware",5
"Electronics,Hardware",5
"Electronics,Hardware",5
"Electronics,Hardware",5
"Electronics,Hardware",5
"Electronics,Hardware",4
"Electronics,Hardware",5
"Electronics,Hardware",5
"Electronics,Hardware",4
"Electronics,Hardware",5
"Electronics,Hardware",5
"Electronics,Hardware",5
"Electronics,Hardware",5
"Electronics,Hardware",4
"Electronics,Hardware",5
"Electronics,Hardware",4
"Electronics,Hardware",5
"Electronics,Hardware",5
"Electronics,Hardware",5
"Electronics,Hardware",5
"Electronics,Hardware",5
"Electronics,Hardware",5
"Electronics,Hardware",5
"Electronics,Hardware",5
"Electronics,Hardware",5
"Electronics,Hardware",4
"Electronics,Hardware",4
"Electronics,Hardware",5
"Electronics,Hardware",4
"Electronics,Hardware",4
"Electronics,Hardware",5
"Electronics,Hardware",2
"Electronics,Hardware",5
"Electronics,Hardware",5
"Electronics,Hardware",5
"Electronics,Hardware",5
"Electronics,Hardware",5
"Electronics,Hardware",4
"Electronics,Hardware",5
"Electronics,Hardware",5
"Electronics,Hardware",5
"Electronics,Hardware",5
"Electronics,Hardware",5
"Electronics,Hardware",5
"Electronics,Hardware",4
"Electronics,Hardware",5
"Electronics,Hardware",5
"Electronics,Hardware",5
"Electronics,Hardware",5
"Electronics,Hardware",5
"Electronics,Hardware",5
"Electronics,Hardware",5
"Electronics,Hardware",5
"Electronics,Hardware",5
"Electronics,Hardware",5
"Electronics,Hardware",5
"Electronics,Hardware",2
"Electronics,Hardware",5
"Electronics,Hardware",4
"Electronics,Hardware",5
"Electronics,Hardware",4
"Electronics,Hardware",3
"Electronics,Hardware",1
"Electronics,Hardware",5
"Electronics,Hardware",4
"Electronics,Hardware",5
"Electronics,Hardware",5
"Electronics,Hardware",4
"Electronics,Hardware",5
"Electronics,Hardware",3
"Electronics,Hardware",5
"Electronics,Hardware",5
"Electronics,Hardware",5
"Electronics,Hardware",4
"Electronics,Hardware",5
"Electronics,Hardware",5
"Electronics,Hardware",5
"Electronics,Hardware",5
"Electronics,Hardware",5
"Electronics,Hardware",5
"Electronics,Hardware",5
"Electronics,Hardware",4
"Electronics,Hardware",5
"Electronics,Hardware",4
"Electronics,Hardware",3
"Electronics,Hardware",5
"Electronics,Hardware",5
"Electronics,Hardware",5
"Electronics,Hardware",5
"Electronics,Hardware",5
"Electronics,Hardware",5
"Electronics,Hardware",4
"Electronics,Hardware",5
"Electronics,Hardware",4
"Electronics,Hardware",4
"Electronics,Hardware",5
"Electronics,Hardware",5
"Electronics,Hardware",5
"Electronics,Hardware",5
"Electronics,Hardware",5
"Electronics,Hardware",5
"Electronics,Hardware",4
"Electronics,Hardware",5
"Electronics,Hardware",5
"Electronics,Hardware",5
"Electronics,Hardware",5
"Electronics,Hardware",5
"Electronics,Hardware",5
"Electronics,Hardware",4
"Electronics,Hardware",5
"Electronics,Hardware",5
"Electronics,Hardware",3
"Electronics,Hardware",5
"Electronics,Hardware",4
"Electronics,Hardware",4
"Electronics,Hardware",5
"Electronics,Hardware",5
"Electronics,Hardware",4
"Electronics,Hardware",5
"Electronics,Hardware",5
"Electronics,Hardware",5
"Electronics,Hardware",4
"Electronics,Hardware",5
"Electronics,Hardware",5
"Electronics,Hardware",5
"Electronics,Hardware",5
"Electronics,Hardware",5
"Electronics,Hardware",4
"Electronics,Hardware",5
"Electronics,Hardware",5
"Electronics,Hardware",5
"Electronics,Hardware",5
"Electronics,Hardware",5
"Electronics,Hardware",5
"Electronics,Hardware",5
"Electronics,Hardware",5
"Electronics,Hardware",5
"Electronics,Hardware",4
"Electronics,Hardware",5
"Electronics,Hardware",5
"Electronics,Hardware",5
"Electronics,Hardware",5
"Electronics,Hardware",5
"Electronics,Hardware",5
"Electronics,Hardware",5
"Electronics,Hardware",4
"Electronics,Hardware",5
"Electronics,Hardware",5
"Electronics,Hardware",5
"Electronics,Hardware",5
"Electronics,Hardware",5
"Electronics,Hardware",4
"Electronics,Hardware",5
"Electronics,Hardware",5
"Electronics,Hardware",5
"Electronics,Hardware",5
"Electronics,Hardware",5
"Electronics,Hardware",5
"Electronics,Hardware",5
"Electronics,Hardware",5
"Electronics,Hardware",4
"Electronics,Hardware",5
"Electronics,Hardware",3
"Electronics,Hardware",5
"Electronics,Hardware",5
"Electronics,Hardware",5
"Electronics,Hardware",4
"Electronics,Hardware",3
"Electronics,Hardware",5
"Electronics,Hardware",5
"Electronics,Hardware",5
"Electronics,Hardware",5
"Electronics,Hardware",5
"Electronics,Hardware",5
"Electronics,Hardware",5
"Electronics,Hardware",5
"Electronics,Hardware",5
"Electronics,Hardware",5
"Electronics,Hardware",5
"Electronics,Hardware",5
"Electronics,Hardware",5
"Electronics,Hardware",5
"Electronics,Hardware",4
"Electronics,Hardware",5
"Electronics,Hardware",5
"Electronics,Hardware",5
"Electronics,Hardware",5
"Electronics,Hardware",5
"Electronics,Hardware",3
"Electronics,Hardware",5
"Electronics,Hardware",4
"Electronics,Hardware",5
"Electronics,Hardware",5
"Electronics,Hardware",4
"Electronics,Hardware",5
"Electronics,Hardware",4
"Electronics,Hardware",5
"Electronics,Hardware",5
"Electronics,Hardware",5
"Electronics,Hardware",5
"Electronics,Hardware",4
"Electronics,Hardware",4
"Electronics,Hardware",5
"Electronics,Hardware",5
"Electronics,Hardware",5
"Electronics,Hardware",1
"Electronics,Hardware",5
"Electronics,Hardware",5
"Electronics,Hardware",3
"Electronics,Hardware",5
"Electronics,Hardware",5
"Electronics,Hardware",5
"Electronics,Hardware",5
"Electronics,Hardware",3
"Electronics,Hardware",5
"Electronics,Hardware",5
"Electronics,Hardware",1
"Electronics,Hardware",5
"Electronics,Hardware",5
"Electronics,Hardware",4
"Electronics,Hardware",5
"Electronics,Hardware",5
"Electronics,Hardware",3
"Electronics,Hardware",5
"Electronics,Hardware",5
"Electronics,Hardware",5
"Electronics,Hardware",4
"Electronics,Hardware",5
"Electronics,Hardware",4
"Electronics,Hardware",5
"Electronics,Hardware",5
"Electronics,Hardware",5
"Electronics,Hardware",5
"Electronics,Hardware",5
"Electronics,Hardware",5
"Electronics,Hardware",3
"Electronics,Hardware",4
"Electronics,Hardware",3
"Electronics,Hardware",5
"Electronics,Hardware",5
"Electronics,Hardware",4
"Electronics,Hardware",5
"Electronics,Hardware",4
"Electronics,Hardware",5
"Electronics,Hardware",5
"Electronics,Hardware",5
"Electronics,Hardware",5
"Electronics,Hardware",5
"Electronics,Hardware",4
"Electronics,Hardware",5
"Electronics,Hardware",5
"Electronics,Hardware",5
"Electronics,Hardware",5
"Electronics,Hardware",5
"Electronics,Hardware",4
"Electronics,Hardware",5
"Electronics,Hardware",5
"Electronics,Hardware",5
"Electronics,Hardware",5
"Electronics,Hardware",5
"Electronics,Hardware",4
"Electronics,Hardware",4
"Electronics,Hardware",3
"Electronics,Hardware",5
"Electronics,Hardware",5
"Electronics,Hardware",5
"Electronics,Hardware",5
"Electronics,Hardware",5
"Electronics,Hardware",4
"Electronics,Hardware",5
"Electronics,Hardware",4
"Electronics,Hardware",5
"Electronics,Hardware",5
"Electronics,Hardware",5
"Electronics,Hardware",5
"Electronics,Hardware",2
"Electronics,Hardware",5
"Electronics,Hardware",5
"Electronics,Hardware",5
"Electronics,Hardware",5
"Electronics,Hardware",5
"Electronics,Hardware",4
"Electronics,Hardware",5
"Electronics,Hardware",5
"Electronics,Hardware",5
"Electronics,Hardware",2
"Electronics,Hardware",5
"Electronics,Hardware",4
"Electronics,Hardware",4
"Electronics,Hardware",5
"Electronics,Hardware",5
"Electronics,Hardware",5
"Electronics,Hardware",5
"Electronics,Hardware",5
"Electronics,Hardware",5
"Electronics,Hardware",4
"Electronics,Hardware",5
"Electronics,Hardware",5
"Electronics,Hardware",5
"Electronics,Hardware",4
"Electronics,Hardware",4
"Electronics,Hardware",5
"Electronics,Hardware",5
"Electronics,Hardware",5
"Electronics,Hardware",5
"Electronics,Hardware",5
"Electronics,Hardware",5
"Electronics,Hardware",5
"Electronics,Hardware",5
"Electronics,Hardware",5
"Electronics,Hardware",5
"Electronics,Hardware",4
"Electronics,Hardware",5
"Electronics,Hardware",5
"Electronics,Hardware",5
"Electronics,Hardware",5
"Electronics,Hardware",5
"Electronics,Hardware",5
"Electronics,Hardware",5
"Electronics,Hardware",5
"Electronics,Hardware",5
"Electronics,Hardware",4
"Electronics,Hardware",4
"Electronics,Hardware",5
"Electronics,Hardware",5
"Electronics,Hardware",5
"Electronics,Hardware",5
"Electronics,Hardware",4
"Electronics,Hardware",5
"Electronics,Hardware",5
"Electronics,Hardware",5
"Electronics,Hardware",4
"Electronics,Hardware",3
"Electronics,Hardware",5
"Electronics,Hardware",5
"Electronics,Hardware",4
"Electronics,Hardware",5
"Electronics,Hardware",5
"Electronics,Hardware",5
"Electronics,Hardware",5
"Electronics,Hardware",5
"Electronics,Hardware",5
"Electronics,Hardware",5
"Electronics,Hardware",5
"Electronics,Hardware",5
"Electronics,Hardware",5
"Electronics,Hardware",5
"Electronics,Hardware",5
"Electronics,Hardware",4
"Electronics,Hardware",5
"Electronics,Hardware",5
"Electronics,Hardware",5
"Electronics,Hardware",3
"Electronics,Hardware",5
"Electronics,Hardware",5
"Electronics,Hardware",5
"Electronics,Hardware",4
"Electronics,Hardware",4
"Electronics,Hardware",4
"Electronics,Hardware",4
"Electronics,Hardware",5
"Electronics,Hardware",5
"Electronics,Hardware",5
"Electronics,Hardware",4
"Electronics,Hardware",1
"Electronics,Hardware",5
"Electronics,Hardware",4
"Electronics,Hardware",5
"Electronics,Hardware",5
"Electronics,Hardware",5
"Electronics,Hardware",4
"Electronics,Hardware",4
"Electronics,Hardware",5
"Electronics,Hardware",5
"Electronics,Hardware",5
"Electronics,Hardware",4
"Electronics,Hardware",5
"Electronics,Hardware",5
"Electronics,Hardware",4
"Electronics,Hardware",5
"Electronics,Hardware",4
"Electronics,Hardware",5
"Electronics,Hardware",5
"Electronics,Hardware",5
"Electronics,Hardware",5
"Electronics,Hardware",5
"Electronics,Hardware",5
"Electronics,Hardware",4
"Electronics,Hardware",5
"Electronics,Hardware",4
"Electronics,Hardware",5
"Electronics,Hardware",5
"Electronics,Hardware",5
"Electronics,Hardware",5
"Electronics,Hardware",4
"Electronics,Hardware",5
"Electronics,Hardware",4
"Electronics,Hardware",5
"Electronics,Hardware",4
"Electronics,Hardware",5
"Electronics,Hardware",5
"Electronics,Hardware",5
"Electronics,Hardware",5
"Electronics,Hardware",5
"Electronics,Hardware",3
"Electronics,Hardware",5
"Electronics,Hardware",5
"Electronics,Hardware",5
"Electronics,Hardware",5
"Electronics,Hardware",5
"Electronics,Hardware",5
"Electronics,Hardware",5
"Electronics,Hardware",5
"Electronics,Hardware",5
"Electronics,Hardware",5
"Electronics,Hardware",4
"Electronics,Hardware",4
"Electronics,Hardware",5
"Electronics,Hardware",5
"Electronics,Hardware",5
"Electronics,Hardware",5
"Electronics,Hardware",5
"Electronics,Hardware",4
"Electronics,Hardware",4
"Electronics,Hardware",4
"Electronics,Hardware",5
"Electronics,Hardware",5
"Electronics,Hardware",5
"Electronics,Hardware",5
"Electronics,Hardware",5
"Electronics,Hardware",5
"Electronics,Hardware",5
"Electronics,Hardware",5
"Electronics,Hardware",5
"Electronics,Hardware",4
"Electronics,Hardware",5
"Electronics,Hardware",5
"Electronics,Hardware",4
"Electronics,Hardware",5
"Electronics,Hardware",5
"Electronics,Hardware",4
"Electronics,Hardware",3
"Electronics,Hardware",5
"Electronics,Hardware",4
"Electronics,Hardware",5
"Electronics,Hardware",5
"Electronics,Hardware",5
"Electronics,Hardware",4
"Electronics,Hardware",5
"Electronics,Hardware",5
"Electronics,Hardware",4
"Electronics,Hardware",5
"Electronics,Hardware",5
"Electronics,Hardware",5
"Electronics,Hardware",5
"Electronics,Hardware",5
"Electronics,Hardware",5
"Electronics,Hardware",5
"Electronics,Hardware",5
"Electronics,Hardware",5
"Electronics,Hardware",5
"Electronics,Hardware",5
"Electronics,Hardware",4
"Electronics,Hardware",5
"Electronics,Hardware",5
"Electronics,Hardware",4
"Electronics,Hardware",5
"Electronics,Hardware",5
"Electronics,Hardware",5
"Electronics,Hardware",5
"Electronics,Hardware",5
"Electronics,Hardware",4
"Electronics,Hardware",4
"Electronics,Hardware",5
"Electronics,Hardware",5
"Electronics,Hardware",5
"Electronics,Hardware",5
"Electronics,Hardware",5
"Electronics,Hardware",3
"Electronics,Hardware",5
"Electronics,Hardware",5
"Electronics,Hardware",5
"Electronics,Hardware",5
"Electronics,Hardware",5
"Electronics,Hardware",5
"Electronics,Hardware",5
"Electronics,Hardware",5
"Electronics,Hardware",4
"Electronics,Hardware",2
"Electronics,Hardware",5
"Electronics,Hardware",5
"Electronics,Hardware",5
"Electronics,Hardware",5
"Electronics,Hardware",5
"Electronics,Hardware",4
"Electronics,Hardware",5
"Electronics,Hardware",5
"Electronics,Hardware",5
"Electronics,Hardware",5
"Electronics,Hardware",5
"Electronics,Hardware",5
"Electronics,Hardware",5
"Electronics,Hardware",1
"Electronics,Hardware",5
"Electronics,Hardware",4
"Electronics,Hardware",5
"Electronics,Hardware",5
"Electronics,Hardware",5
"Electronics,Hardware",5
"Electronics,Hardware",4
"Electronics,Hardware",4
"Electronics,Hardware",4
"Electronics,Hardware",5
"Electronics,Hardware",4
"Electronics,Hardware",5
"Electronics,Hardware",5
"Electronics,Hardware",4
"Electronics,Hardware",5
"Electronics,Hardware",4
"Electronics,Hardware",5
"Electronics,Hardware",5
"Electronics,Hardware",5
"Electronics,Hardware",4
"Electronics,Hardware",5
"Electronics,Hardware",5
"Electronics,Hardware",5
"Electronics,Hardware",5
"Electronics,Hardware",5
"Electronics,Hardware",2
"Electronics,Hardware",5
"Electronics,Hardware",4
"Electronics,Hardware",4
"Electronics,Hardware",5
"Electronics,Hardware",5
"Electronics,Hardware",5
"Electronics,Hardware",5
"Electronics,Hardware",5
"Electronics,Hardware",4
"Electronics,Hardware",4
"Electronics,Hardware",5
"Electronics,Hardware",2
"Electronics,Hardware",5
"Electronics,Hardware",5
"Electronics,Hardware",4
"Electronics,Hardware",4
"Electronics,Hardware",4
"Electronics,Hardware",5
"Electronics,Hardware",4
"Electronics,Hardware",5
"Electronics,Hardware",5
"Electronics,Hardware",5
"Electronics,Hardware",5
"Electronics,Hardware",5
"Electronics,Hardware",5
"Electronics,Hardware",4
"Electronics,Hardware",4
"Electronics,Hardware",5
"Electronics,Hardware",5
"Electronics,Hardware",5
"Electronics,Hardware",3
"Electronics,Hardware",4
"Electronics,Hardware",4
"Electronics,Hardware",3
"Electronics,Hardware",5
"Electronics,Hardware",5
"Electronics,Hardware",5
"Electronics,Hardware",5
"Electronics,Hardware",3
"Electronics,Hardware",4
"Electronics,Hardware",5
"Electronics,Hardware",5
"Electronics,Hardware",5
"Electronics,Hardware",5
"Electronics,Hardware",5
"Electronics,Hardware",5
"Electronics,Hardware",4
"Electronics,Hardware",5
"Electronics,Hardware",4
"Electronics,Hardware",5
"Electronics,Hardware",5
"Electronics,Hardware",5
"Electronics,Hardware",5
"Electronics,Hardware",5
"Electronics,Hardware",5
"Electronics,Hardware",5
"Electronics,Hardware",5
"Electronics,Hardware",4
"Electronics,Hardware",3
"Electronics,Hardware",5
"Electronics,Hardware",4
"Electronics,Hardware",5
"Electronics,Hardware",4
"Electronics,Hardware",5
"Electronics,Hardware",5
"Electronics,Hardware",5
"Electronics,Hardware",5
"Electronics,Hardware",4
"Electronics,Hardware",3
"Electronics,Hardware",5
"Electronics,Hardware",5
"Electronics,Hardware",5
"Electronics,Hardware",5
"Electronics,Hardware",5
"Electronics,Hardware",5
"Electronics,Hardware",4
"Electronics,Hardware",5
"Electronics,Hardware",5
"Electronics,Hardware",5
"Electronics,Hardware",5
"Electronics,Hardware",5
"Electronics,Hardware",5
"Electronics,Hardware",5
"Electronics,Hardware",5
"Electronics,Hardware",5
"Electronics,Hardware",4
"Electronics,Hardware",5
"Electronics,Hardware",3
"Electronics,Hardware",5
"Electronics,Hardware",5
"Electronics,Hardware",5
"Electronics,Hardware",5
"Electronics,Hardware",5
"Electronics,Hardware",5
"Electronics,Hardware",5
"Electronics,Hardware",5
"Electronics,Hardware",4
"Electronics,Hardware",5
"Electronics,Hardware",5
"Electronics,Hardware",5
"Electronics,Hardware",5
"Electronics,Hardware",5
"Electronics,Hardware",5
"Electronics,Hardware",5
"Electronics,Hardware",5
"Electronics,Hardware",3
"Electronics,Hardware",5
"Electronics,Hardware",4
"Electronics,Hardware",5
"Electronics,Hardware",4
"Electronics,Hardware",5
"Electronics,Hardware",5
"Electronics,Hardware",5
Electronics,5
Electronics,5
Electronics,5
Electronics,5
"Electronics,Hardware",5
"Electronics,Hardware",5
"Electronics,Hardware",5
"Electronics,Hardware",5
"Electronics,Hardware",5
"Electronics,Hardware",4
"Electronics,Hardware",5
"Electronics,Hardware",5
"Electronics,Hardware",5
"Electronics,Hardware",5
"Electronics,Hardware",5
"Electronics,Hardware",5
"Electronics,Hardware",5
"Electronics,Hardware",5
"Electronics,Hardware",5
"Electronics,Hardware",3
"Electronics,Hardware",5
"Electronics,Hardware",5
"Electronics,Hardware",5
"Electronics,Hardware",5
"Electronics,Hardware",4
"Electronics,Hardware",5
"Electronics,Hardware",4
"Electronics,Hardware",5
"Electronics,Hardware",4
"Electronics,Hardware",5
"Electronics,Hardware",5
"Electronics,Hardware",4
"Electronics,Hardware",5
"Electronics,Hardware",5
"Electronics,Hardware",5
"Electronics,Hardware",5
"Electronics,Hardware",5
"Electronics,Hardware",5
"Electronics,Hardware",5
"Electronics,Hardware",5
"Electronics,Hardware",5
"Electronics,Hardware",4
"Electronics,Hardware",5
"Electronics,Hardware",4
"Electronics,Hardware",5
"Electronics,Hardware",5
"Electronics,Hardware",5
"Electronics,Hardware",5
"Electronics,Hardware",5
"Electronics,Hardware",5
"Electronics,Hardware",4
"Electronics,Hardware",5
"Electronics,Hardware",5
"Electronics,Hardware",5
"Electronics,Hardware",5
"Electronics,Hardware",5
"Electronics,Hardware",5
"Electronics,Hardware",5
"Electronics,Hardware",5
"Electronics,Hardware",5
"Electronics,Hardware",4
"Electronics,Hardware",5
"Electronics,Hardware",5
"Electronics,Hardware",2
"Electronics,Hardware",5
"Electronics,Hardware",5
"Electronics,Hardware",5
"Electronics,Hardware",4
"Electronics,Hardware",5
"Electronics,Hardware",4
"Electronics,Hardware",5
"Electronics,Hardware",5
"Electronics,Hardware",5
"Electronics,Hardware",5
"Electronics,Hardware",5
"Electronics,Hardware",5
"Electronics,Hardware",5
"Electronics,Hardware",5
"Electronics,Hardware",5
"Electronics,Hardware",5
"Electronics,Hardware",5
"Electronics,Hardware",5
"Electronics,Hardware",5
"Electronics,Hardware",5
"Electronics,Hardware",5
"Electronics,Hardware",5
"Electronics,Hardware",4
"Electronics,Hardware",5
"Electronics,Hardware",5
"Electronics,Hardware",5
"Electronics,Hardware",5
"Electronics,Hardware",4
"Electronics,Hardware",5
"Electronics,Hardware",5
"Electronics,Hardware",5
"Electronics,Hardware",4
"Electronics,Hardware",5
"Electronics,Hardware",5
"Electronics,Hardware",5
"Electronics,Hardware",4
"Electronics,Hardware",5
"Electronics,Hardware",5
"Electronics,Hardware",5
"Electronics,Hardware",5
"Electronics,Hardware",5
"Electronics,Hardware",4
"Electronics,Hardware",5
"Electronics,Hardware",5
"Electronics,Hardware",5
"Electronics,Hardware",5
"Electronics,Hardware",4
"Electronics,Hardware",5
"Electronics,Hardware",5
"Electronics,Hardware",5
"Electronics,Hardware",5
"Electronics,Hardware",5
"Electronics,Hardware",4
"Electronics,Hardware",5
"Electronics,Hardware",5
"Electronics,Hardware",5
"Electronics,Hardware",5
"Electronics,Hardware",5
"Electronics,Hardware",5
"Electronics,Hardware",4
"Electronics,Hardware",5
"Electronics,Hardware",3
"Electronics,Hardware",5
"Electronics,Hardware",5
"Electronics,Hardware",5
"Electronics,Hardware",5
"Electronics,Hardware",5
"Electronics,Hardware",3
"Electronics,Hardware",5
"Electronics,Hardware",5
"Electronics,Hardware",5
"Electronics,Hardware",5
"Electronics,Hardware",5
"Electronics,Hardware",5
"Electronics,Hardware",5
"Electronics,Hardware",5
"Electronics,Hardware",4
"Electronics,Hardware",4
"Electronics,Hardware",5
"Electronics,Hardware",5
"Electronics,Hardware",5
"Electronics,Hardware",5
"Electronics,Hardware",4
"Electronics,Hardware",5
"Electronics,Hardware",5
"Electronics,Hardware",5
"Electronics,Hardware",5
"Electronics,Hardware",5
"Electronics,Hardware",5
"Electronics,Hardware",5
"Electronics,Hardware",2
"Electronics,Hardware",4
"Electronics,Hardware",5
"Electronics,Hardware",5
"Electronics,Hardware",4
"Electronics,Hardware",5
"Electronics,Hardware",5
"Electronics,Hardware",5
"Electronics,Hardware",5
"Electronics,Hardware",5
"Electronics,Hardware",5
"Electronics,Hardware",5
"Electronics,Hardware",5
"Electronics,Hardware",4
"Electronics,Hardware",5
"Electronics,Hardware",2
"Electronics,Hardware",5
"Electronics,Hardware",4
"Electronics,Hardware",5
"Electronics,Hardware",5
"Electronics,Hardware",5
"Electronics,Hardware",5
"Electronics,Hardware",5
"Electronics,Hardware",5
"Electronics,Hardware",5
"Electronics,Hardware",5
"Electronics,Hardware",5
"Electronics,Hardware",5
"Electronics,Hardware",5
"Electronics,Hardware",5
"Electronics,Hardware",5
"Electronics,Hardware",5
"Electronics,Hardware",4
"Electronics,Hardware",5
"Electronics,Hardware",5
"Electronics,Hardware",5
"Electronics,Hardware",5
"Electronics,Hardware",5
"Electronics,Hardware",5
"Electronics,Hardware",4
"Electronics,Hardware",5
"Electronics,Hardware",5
"Electronics,Hardware",5
"Electronics,Hardware",4
"Electronics,Hardware",4
"Electronics,Hardware",5
"Electronics,Hardware",5
"Electronics,Hardware",5
"Electronics,Hardware",5
"Electronics,Hardware",5
"Electronics,Hardware",5
"Electronics,Hardware",5
"Electronics,Hardware",5
"Electronics,Hardware",5
"Electronics,Hardware",5
"Electronics,Hardware",4
"Electronics,Hardware",4
"Electronics,Hardware",5
"Electronics,Hardware",5
"Electronics,Hardware",4
"Electronics,Hardware",5
"Electronics,Hardware",4
"Electronics,Hardware",3
"Electronics,Hardware",4
"Electronics,Hardware",5
"Electronics,Hardware",5
"Electronics,Hardware",4
"Electronics,Hardware",4
"Electronics,Hardware",5
"Electronics,Hardware",5
"Electronics,Hardware",5
"Electronics,Hardware",4
"Electronics,Hardware",4
"Electronics,Hardware",5
"Electronics,Hardware",5
"Electronics,Hardware",5
"Electronics,Hardware",5
"Electronics,Hardware",2
"Electronics,Hardware",5
"Electronics,Hardware",5
"Electronics,Hardware",5
"Electronics,Hardware",5
"Electronics,Hardware",4
"Electronics,Hardware",4
"Electronics,Hardware",5
"Electronics,Hardware",5
"Electronics,Hardware",5
"Electronics,Hardware",4
"Electronics,Hardware",5
"Electronics,Hardware",5
"Electronics,Hardware",5
"Electronics,Hardware",5
"Electronics,Hardware",5
"Electronics,Hardware",5
"Electronics,Hardware",4
"Electronics,Hardware",5
"Electronics,Hardware",5
"Electronics,Hardware",5
"Electronics,Hardware",5
"Electronics,Hardware",4
"Electronics,Hardware",5
"Electronics,Hardware",5
"Electronics,Hardware",5
"Electronics,Hardware",4
"Electronics,Hardware",5
"Electronics,Hardware",5
"Electronics,Hardware",4
"Electronics,Hardware",5
"Electronics,Hardware",5
"Electronics,Hardware",5
"Electronics,Hardware",5
"Electronics,Hardware",5
"Electronics,Hardware",5
"Electronics,Hardware",5
"Electronics,Hardware",5
"Electronics,Hardware",4
"Electronics,Hardware",4
"Electronics,Hardware",5
"Electronics,Hardware",5
"Electronics,Hardware",4
"Electronics,Hardware",5
"Electronics,Hardware",5
"Electronics,Hardware",5
"Electronics,Hardware",5
"Electronics,Hardware",5
"Electronics,Hardware",5
"Electronics,Hardware",5
"Electronics,Hardware",5
"Electronics,Hardware",4
"Electronics,Hardware",5
"Electronics,Hardware",5
"Electronics,Hardware",5
"Electronics,Hardware",5
"Electronics,Hardware",5
"Electronics,Hardware",3
"Electronics,Hardware",5
"Electronics,Hardware",5
"Electronics,Hardware",5
"Electronics,Hardware",5
"Electronics,Hardware",5
"Electronics,Hardware",5
"Electronics,Hardware",5
"Electronics,Hardware",5
"Electronics,Hardware",5
"Electronics,Hardware",5
"Electronics,Hardware",4
"Electronics,Hardware",5
"Electronics,Hardware",4
"Electronics,Hardware",5
"Electronics,Hardware",5
"Electronics,Hardware",5
"Electronics,Hardware",5
"Electronics,Hardware",4
"Electronics,Hardware",5
"Electronics,Hardware",5
"Electronics,Hardware",4
"Electronics,Hardware",3
"Electronics,Hardware",5
"Electronics,Hardware",5
"Electronics,Hardware",5
"Electronics,Hardware",5
"Electronics,Hardware",4
"Electronics,Hardware",5
"Electronics,Hardware",5
"Electronics,Hardware",4
"Electronics,Hardware",5
"Electronics,Hardware",5
"Electronics,Hardware",5
"Electronics,Hardware",5
"Electronics,Hardware",5
"Electronics,Hardware",4
"Electronics,Hardware",4
"Electronics,Hardware",5
"Electronics,Hardware",5
"Electronics,Hardware",5
"Electronics,Hardware",5
"Electronics,Hardware",4
"Electronics,Hardware",5
"Electronics,Hardware",4
"Electronics,Hardware",5
"Electronics,Hardware",5
"Electronics,Hardware",4
"Electronics,Hardware",5
"Electronics,Hardware",5
"Electronics,Hardware",5
"Electronics,Hardware",5
"Electronics,Hardware",5
"Electronics,Hardware",5
"Electronics,Hardware",5
"Electronics,Hardware",5
"Electronics,Hardware",5
"Electronics,Hardware",5
"Electronics,Hardware",5
"Electronics,Hardware",5
"Electronics,Hardware",5
"Electronics,Hardware",5
"Electronics,Hardware",4
"Electronics,Hardware",5
"Electronics,Hardware",3
"Electronics,Hardware",5
"Electronics,Hardware",5
"Electronics,Hardware",5
"Electronics,Hardware",5
"Electronics,Hardware",5
"Electronics,Hardware",5
"Electronics,Hardware",5
"Electronics,Hardware",5
"Electronics,Hardware",5
"Electronics,Hardware",5
"Electronics,Hardware",5
"Electronics,Hardware",5
"Electronics,Hardware",5
"Electronics,Hardware",5
"Electronics,Hardware",5
"Electronics,Hardware",5
"Electronics,Hardware",5
"Electronics,Hardware",5
"Electronics,Hardware",5
"Electronics,Hardware",5
"Electronics,Hardware",4
"Electronics,Hardware",5
"Electronics,Hardware",5
"Electronics,Hardware",5
"Electronics,Hardware",5
"Electronics,Hardware",5
"Electronics,Hardware",5
"Electronics,Hardware",5
"Electronics,Hardware",5
"Electronics,Hardware",5
"Electronics,Hardware",5
"Electronics,Hardware",5
"Electronics,Hardware",4
"Electronics,Hardware",5
"Electronics,Hardware",5
"Electronics,Hardware",5
"Electronics,Hardware",5
"Electronics,Hardware",5
"Electronics,Hardware",5
"Electronics,Hardware",5
"Electronics,Hardware",5
"Electronics,Hardware",5
"Electronics,Hardware",4
"Electronics,Hardware",5
"Electronics,Hardware",5
"Electronics,Hardware",5
"Electronics,Hardware",2
"Electronics,Hardware",5
"Electronics,Hardware",5
"Electronics,Hardware",5
"Electronics,Hardware",5
"Electronics,Hardware",5
"Electronics,Hardware",5
"Electronics,Hardware",5
"Electronics,Hardware",4
"Electronics,Hardware",5
"Electronics,Hardware",3
"Electronics,Hardware",5
"Electronics,Hardware",5
"Electronics,Hardware",4
"Electronics,Hardware",5
"Electronics,Hardware",5
"Electronics,Hardware",4
"Electronics,Hardware",5
"Electronics,Hardware",5
"Electronics,Hardware",5
"Electronics,Hardware",5
"Electronics,Hardware",5
"Electronics,Hardware",4
"Electronics,Hardware",5
"Electronics,Hardware",5
"Electronics,Hardware",5
"Electronics,Hardware",5
"Electronics,Hardware",5
"Electronics,Hardware",4
"Electronics,Hardware",5
"Electronics,Hardware",5
"Electronics,Hardware",5
"Electronics,Hardware",5
"Electronics,Hardware",5
"Electronics,Hardware",5
"Electronics,Hardware",5
"Electronics,Hardware",4
"Electronics,Hardware",5
"Electronics,Hardware",5
"Electronics,Hardware",5
"Electronics,Hardware",5
"Electronics,Hardware",5
"Electronics,Hardware",5
"Electronics,Hardware",5
"Electronics,Hardware",5
"Electronics,Hardware",5
"Electronics,Hardware",5
"Electronics,Hardware",5
"Electronics,Hardware",4
"Electronics,Hardware",4
"Electronics,Hardware",5
"Electronics,Hardware",5
"Electronics,Hardware",3
"Electronics,Hardware",4
"Electronics,Hardware",5
"Electronics,Hardware",5
"Electronics,Hardware",5
"Electronics,Hardware",5
"Electronics,Hardware",5
"Electronics,Hardware",4
"Electronics,Hardware",5
"Electronics,Hardware",3
"Electronics,Hardware",5
"Electronics,Hardware",5
"Electronics,Hardware",4
"Electronics,Hardware",5
"Electronics,Hardware",5
"Electronics,Hardware",4
"Electronics,Hardware",5
"Electronics,Hardware",1
"Electronics,Hardware",5
"Electronics,Hardware",5
"Electronics,Hardware",5
"Electronics,Hardware",5
"Electronics,Hardware",5
"Electronics,Hardware",5
"Electronics,Hardware",5
"Electronics,Hardware",5
"Electronics,Hardware",3
"Electronics,Hardware",5
"Electronics,Hardware",5
"Electronics,Hardware",5
"Electronics,Hardware",5
"Electronics,Hardware",5
"Electronics,Hardware",5
"Electronics,Hardware",5
"Electronics,Hardware",5
"Electronics,Hardware",4
"Electronics,Hardware",4
"Electronics,Hardware",5
"Electronics,Hardware",5
"Electronics,Hardware",5
"Electronics,Hardware",5
"Electronics,Hardware",5
"Electronics,Hardware",5
"Electronics,Hardware",5
"Electronics,Hardware",5
"Electronics,Hardware",4
"Electronics,Hardware",5
"Electronics,Hardware",5
"Electronics,Hardware",5
"Electronics,Hardware",5
"Electronics,Hardware",5
"Electronics,Hardware",4
"Electronics,Hardware",5
"Electronics,Hardware",5
"Electronics,Hardware",5
"Electronics,Hardware",5
"Electronics,Hardware",3
"Electronics,Hardware",3
"Electronics,Hardware",4
"Electronics,Hardware",5
"Electronics,Hardware",5
"Electronics,Hardware",5
"Electronics,Hardware",5
"Electronics,Hardware",5
"Electronics,Hardware",5
"Electronics,Hardware",5
"Electronics,Hardware",4
"Electronics,Hardware",5
"Electronics,Hardware",5
"Electronics,Hardware",4
"Electronics,Hardware",5
"Electronics,Hardware",5
"Electronics,Hardware",5
"Electronics,Hardware",4
"Electronics,Hardware",5
"Electronics,Hardware",5
"Electronics,Hardware",5
"Electronics,Hardware",5
"Electronics,Hardware",4
"Electronics,Hardware",5
"Electronics,Hardware",5
"Electronics,Hardware",5
"Electronics,Hardware",5
"Electronics,Hardware",5
"Electronics,Hardware",5
"Electronics,Hardware",5
"Electronics,Hardware",5
"Electronics,Hardware",5
"Electronics,Hardware",4
"Electronics,Hardware",5
"Electronics,Hardware",5
"Electronics,Hardware",5
"Electronics,Hardware",5
"Electronics,Hardware",5
"Electronics,Hardware",5
"Electronics,Hardware",2
"Electronics,Hardware",5
"Electronics,Hardware",5
"Electronics,Hardware",5
"Electronics,Hardware",5
"Electronics,Hardware",5
"Electronics,Hardware",5
"Electronics,Hardware",5
"Electronics,Hardware",5
"Electronics,Hardware",4
"Electronics,Hardware",5
"Electronics,Hardware",5
"Electronics,Hardware",4
"Electronics,Hardware",5
"Electronics,Hardware",5
"Electronics,Hardware",5
"Electronics,Hardware",5
"Electronics,Hardware",5
"Electronics,Hardware",5
"Electronics,Hardware",5
"Electronics,Hardware",5
"Electronics,Hardware",2
"Electronics,Hardware",5
"Electronics,Hardware",5
"Electronics,Hardware",5
"Electronics,Hardware",4
"Electronics,Hardware",5
"Electronics,Hardware",5
"Electronics,Hardware",5
"Electronics,Hardware",5
"Electronics,Hardware",5
"Electronics,Hardware",4
"Electronics,Hardware",4
"Electronics,Hardware",5
"Electronics,Hardware",5
"Electronics,Hardware",5
"Electronics,Hardware",4
"Electronics,Hardware",3
"Electronics,Hardware",4
"Electronics,Hardware",5
"Electronics,Hardware",5
"Electronics,Hardware",5
"Electronics,Hardware",5
"Electronics,Hardware",5
"Electronics,Hardware",4
"Electronics,Hardware",5
"Electronics,Hardware",5
"Electronics,Hardware",5
Electronics,5
Electronics,5
Electronics,5
Electronics,5
Electronics,5
Electronics,5
Electronics,3
Electronics,5
Electronics,5
Electronics,5
Electronics,5
Electronics,5
Electronics,5
Electronics,5
Electronics,5
Electronics,5
Electronics,5
Electronics,5
Electronics,5
Electronics,5
Electronics,5
Electronics,4
Electronics,4
Electronics,5
Electronics,4
"Office Supplies,Electronics",5
Electronics,5
Electronics,3
Electronics,5
Electronics,5
Electronics,5
Electronics,5
"Office Supplies,Electronics",5
Electronics,5
Electronics,5
"Office Supplies,Electronics",5
"Office Supplies,Electronics",5
Electronics,5
Electronics,4
Electronics,1
Electronics,5
Electronics,5
Electronics,1
"Office Supplies,Electronics",4
Electronics,5
"Office Supplies,Electronics",5
Electronics,5
Electronics,5
Electronics,5
Electronics,5
Electronics,5
Electronics,2
Electronics,5
Electronics,5
Electronics,5
Electronics,4
Electronics,5
Electronics,4
Electronics,5
Electronics,5
Electronics,5
"Office Supplies,Electronics",4
Electronics,5
Electronics,5
Electronics,3
Electronics,4
"Office Supplies,Electronics",5
Electronics,5
Electronics,5
Electronics,5
Electronics,5
Electronics,5
Electronics,5
Electronics,5
"Office Supplies,Electronics",4
Electronics,5
"Office Supplies,Electronics",5
Electronics,5
Electronics,5
"Office Supplies,Electronics",5
Electronics,4
Electronics,5
Electronics,3
Electronics,5
Electronics,4
Electronics,5
Electronics,5
Electronics,4
Electronics,5
Electronics,4
Electronics,5
"Office Supplies,Electronics",4
Electronics,4
Electronics,4
"Office Supplies,Electronics",4
"Office Supplies,Electronics",4
Electronics,5
Electronics,5
Electronics,1
Electronics,5
Electronics,5
Electronics,5
Electronics,5
Electronics,4
Electronics,4
Electronics,1
Electronics,5
Electronics,5
Electronics,5
Electronics,5
Electronics,5
Electronics,5
Electronics,5
Electronics,5
Electronics,4
Electronics,5
Electronics,4
"Office Supplies,Electronics",3
Electronics,4
Electronics,4
Electronics,5
Electronics,5
Electronics,5
Electronics,5
Electronics,4
Electronics,5
Electronics,5
Electronics,5
Electronics,4
Electronics,4
Electronics,5
"Office Supplies,Electronics",5
Electronics,5
Electronics,5
Electronics,5
Electronics,5
Electronics,5
"Office Supplies,Electronics",5
"Office Supplies,Electronics",5
Electronics,5
Electronics,4
Electronics,2
Electronics,5
Electronics,5
"Office Supplies,Electronics",5
Electronics,3
Electronics,5
Electronics,5
Electronics,5
Electronics,5
Electronics,4
Electronics,4
Electronics,3
Electronics,4
"Office Supplies,Electronics",5
Electronics,5
Electronics,5
Electronics,3
"Office Supplies,Electronics",5
Electronics,5
Electronics,4
Electronics,5
Electronics,4
Electronics,5
Electronics,5
Electronics,4
Electronics,5
Electronics,5
Electronics,5
Electronics,5
Electronics,4
Electronics,5
Electronics,5
"Office Supplies,Electronics",4
Electronics,5
Electronics,5
Electronics,5
"Office Supplies,Electronics",5
Electronics,4
Electronics,5
Electronics,5
Electronics,5
Electronics,5
"Office Supplies,Electronics",5
Electronics,5
Electronics,5
Electronics,5
Electronics,5
"Office Supplies,Electronics",5
Electronics,4
Electronics,5
Electronics,4
Electronics,4
Electronics,4
Electronics,5
Electronics,5
Electronics,3
Electronics,4
"Office Supplies,Electronics",5
Electronics,5
Electronics,1
"Office Supplies,Electronics",5
Electronics,3
Electronics,4
"Office Supplies,Electronics",5
Electronics,3
Electronics,5
Electronics,5
"Office Supplies,Electronics",4
Electronics,5
Electronics,5
Electronics,4
Electronics,5
Electronics,5
Electronics,5
Electronics,5
Electronics,5
Electronics,4
Electronics,5
Electronics,5
Electronics,5
Electronics,5
Electronics,4
Electronics,4
Electronics,5
Electronics,5
Electronics,4
Electronics,5
Electronics,3
"Office Supplies,Electronics",4
Electronics,4
"Office Supplies,Electronics",5
Electronics,5
Electronics,5
Electronics,4
Electronics,5
Electronics,5
Electronics,5
Electronics,5
Electronics,4
"Office Supplies,Electronics",4
Electronics,5
Electronics,5
"Office Supplies,Electronics",5
Electronics,3
Electronics,1
Electronics,4
Electronics,5
Electronics,5
Electronics,5
Electronics,5
Electronics,5
"Office Supplies,Electronics",5
Electronics,5
Electronics,5
Electronics,4
Electronics,5
Electronics,5
"Office Supplies,Electronics",4
Electronics,5
Electronics,5
Electronics,5
"Office Supplies,Electronics",4
"Office Supplies,Electronics",4
Electronics,5
Electronics,5
"Office Supplies,Electronics",4
Electronics,5
Electronics,5
Electronics,4
Electronics,5
Electronics,5
Electronics,4
Electronics,5
Electronics,5
Electronics,1
Electronics,5
Electronics,4
Electronics,5
Electronics,5
Electronics,5
Electronics,4
Electronics,5
Electronics,4
Electronics,5
Electronics,5
Electronics,4
Electronics,5
Electronics,4
Electronics,5
Electronics,5
Electronics,5
Electronics,5
Electronics,5
Electronics,5
"Office Supplies,Electronics",5
Electronics,4
Electronics,4
"Office Supplies,Electronics",4
Electronics,4
Electronics,5
"Office Supplies,Electronics",5
Electronics,5
Electronics,1
Electronics,4
Electronics,4
"Office Supplies,Electronics",5
Electronics,5
Electronics,3
"Office Supplies,Electronics",5
"Office Supplies,Electronics",4
Electronics,5
Electronics,5
Electronics,4
Electronics,4
Electronics,5
Electronics,5
Electronics,4
"Office Supplies,Electronics",5
Electronics,5
Electronics,5
Electronics,5
"Office Supplies,Electronics",4
Electronics,4
"Office Supplies,Electronics",3
Electronics,4
Electronics,5
Electronics,4
Electronics,5
Electronics,4
Electronics,5
Electronics,5
Electronics,5
Electronics,5
Electronics,5
Electronics,5
"Office Supplies,Electronics",5
Electronics,5
Electronics,5
Electronics,5
Electronics,5
Electronics,5
Electronics,4
Electronics,5
Electronics,4
Electronics,5
Electronics,3
Electronics,4
Electronics,5
Electronics,5
"Office Supplies,Electronics",4
Electronics,4
Electronics,5
"Office Supplies,Electronics",5
Electronics,5
Electronics,5
Electronics,5
Electronics,5
Electronics,4
Electronics,5
Electronics,5
"Office Supplies,Electronics",4
"Office Supplies,Electronics",4
Electronics,5
Electronics,5
Electronics,4
Electronics,5
Electronics,5
Electronics,5
Electronics,5
Electronics,4
Electronics,5
Electronics,5
Electronics,5
Electronics,5
Electronics,5
Electronics,5
Electronics,4
Electronics,1
Electronics,5
Electronics,5
Electronics,4
Electronics,5
Electronics,5
"Office Supplies,Electronics",3
Electronics,4
Electronics,5
Electronics,5
Electronics,5
Electronics,4
Electronics,4
Electronics,5
Electronics,3
Electronics,5
Electronics,5
"Office Supplies,Electronics",5
Electronics,4
Electronics,4
Electronics,4
Electronics,5
Electronics,5
"Office Supplies,Electronics",5
Electronics,3
Electronics,5
"Office Supplies,Electronics",4
Electronics,5
Electronics,5
Electronics,5
Electronics,5
Electronics,4
Electronics,5
"Office Supplies,Electronics",5
Electronics,5
Electronics,5
Electronics,5
"Office Supplies,Electronics",5
Electronics,5
Electronics,5
Electronics,5
Electronics,5
Electronics,4
Electronics,5
Electronics,4
Electronics,4
Electronics,5
Electronics,3
Electronics,5
Electronics,4
Electronics,4
"Office Supplies,Electronics",5
Electronics,5
Electronics,5
"Office Supplies,Electronics",3
Electronics,5
Electronics,5
Electronics,5
Electronics,4
Electronics,3
Electronics,5
Electronics,5
Electronics,5
Electronics,5
Electronics,4
Electronics,5
Electronics,5
Electronics,4
Electronics,5
Electronics,5
"Office Supplies,Electronics",5
"Office Supplies,Electronics",4
Electronics,5
Electronics,5
Electronics,5
Electronics,5
Electronics,5
Electronics,4
"Office Supplies,Electronics",5
Electronics,5
Electronics,5
Electronics,5
Electronics,5
Electronics,5
Electronics,4
Electronics,5
Electronics,5
Electronics,5
Electronics,3
Electronics,5
Electronics,4
Electronics,5
Electronics,5
Electronics,5
Electronics,5
Electronics,5
Electronics,5
Electronics,5
Electronics,5
"Office Supplies,Electronics",5
Electronics,5
Electronics,5
Electronics,5
Electronics,4
Electronics,5
Electronics,5
Electronics,5
Electronics,5
Electronics,5
Electronics,5
Electronics,4
Electronics,4
Electronics,5
Electronics,4
Electronics,5
Electronics,5
Electronics,5
Electronics,5
Electronics,5
Electronics,5
Electronics,5
Electronics,5
Electronics,4
Electronics,5
"Office Supplies,Electronics",4
Electronics,4
Electronics,4
Electronics,5
Electronics,4
Electronics,4
Electronics,5
Electronics,5
Electronics,4
Electronics,4
Electronics,5
"Office Supplies,Electronics",4
Electronics,5
Electronics,5
Electronics,4
Electronics,4
Electronics,5
Electronics,4
Electronics,5
Electronics,5
"Office Supplies,Electronics",5
"Office Supplies,Electronics",5
Electronics,5
Electronics,5
Electronics,5
Electronics,4
Electronics,2
Electronics,5
Electronics,5
Electronics,5
Electronics,4
Electronics,4
Electronics,5
Electronics,5
Electronics,4
"Office Supplies,Electronics",5
Electronics,4
Electronics,2
Electronics,4
Electronics,4
Electronics,5
Electronics,5
Electronics,4
Electronics,5
Electronics,4
Electronics,5
Electronics,5
Electronics,5
Electronics,4
"Office Supplies,Electronics",5
Electronics,3
Electronics,4
Electronics,3
Electronics,5
Electronics,1
Electronics,5
"Office Supplies,Electronics",5
Electronics,5
Electronics,5
Electronics,4
Electronics,5
Electronics,5
Electronics,5
Electronics,5
"Office Supplies,Electronics",5
Electronics,5
Electronics,4
Electronics,5
Electronics,3
Electronics,4
Electronics,5
"Office Supplies,Electronics",4
Electronics,5
Electronics,4
Electronics,5
Electronics,4
"Office Supplies,Electronics",5
Electronics,4
Electronics,3
Electronics,5
Electronics,5
Electronics,4
Electronics,4
Electronics,5
Electronics,4
Electronics,4
Electronics,4
Electronics,5
Electronics,4
Electronics,5
Electronics,5
Electronics,5
Electronics,5
Electronics,5
Electronics,5
Electronics,5
Electronics,4
Electronics,5
Electronics,5
"Office Supplies,Electronics",4
Electronics,5
Electronics,4
Electronics,4
Electronics,5
Electronics,4
Electronics,5
Electronics,5
Electronics,4
Electronics,5
Electronics,5
Electronics,5
"Office Supplies,Electronics",5
Electronics,5
Electronics,5
Electronics,5
Electronics,4
Electronics,5
"Office Supplies,Electronics",4
Electronics,4
Electronics,5
Electronics,1
Electronics,5
Electronics,5
Electronics,4
Electronics,5
Electronics,3
Electronics,5
Electronics,5
Electronics,5
Electronics,4
Electronics,5
Electronics,5
Electronics,3
Electronics,5
Electronics,3
Electronics,4
Electronics,2
Electronics,5
Electronics,4
Electronics,4
Electronics,5
Electronics,4
Electronics,4
Electronics,4
Electronics,5
Electronics,4
Electronics,5
Electronics,3
Electronics,5
Electronics,4
Electronics,4
Electronics,5
"Office Supplies,Electronics",4
Electronics,4
Electronics,5
Electronics,5
Electronics,5
Electronics,4
Electronics,5
Electronics,5
Electronics,5
Electronics,4
Electronics,5
"Office Supplies,Electronics",5
Electronics,5
Electronics,5
Electronics,5
Electronics,4
Electronics,5
Electronics,5
Electronics,5
Electronics,5
Electronics,5
Electronics,4
Electronics,5
Electronics,5
Electronics,5
Electronics,5
Electronics,5
Electronics,4
Electronics,4
Electronics,5
Electronics,3
Electronics,3
Electronics,5
Electronics,4
"Office Supplies,Electronics",5
Electronics,1
Electronics,5
Electronics,5
Electronics,5
"Office Supplies,Electronics",5
Electronics,4
Electronics,5
Electronics,3
Electronics,5
Electronics,5
"Office Supplies,Electronics",5
Electronics,5
"Office Supplies,Electronics",4
Electronics,5
Electronics,5
Electronics,5
Electronics,5
Electronics,4
Electronics,5
Electronics,5
Electronics,5
Electronics,5
"Office Supplies,Electronics",5
Electronics,5
Electronics,3
"Office Supplies,Electronics",4
Electronics,4
Electronics,5
Electronics,5
Electronics,4
Electronics,5
Electronics,5
Electronics,5
Electronics,5
Electronics,5
Electronics,5
Electronics,5
Electronics,5
Electronics,5
Electronics,5
Electronics,4
Electronics,5
Electronics,5
Electronics,4
Electronics,5
Electronics,5
Electronics,4
Electronics,5
Electronics,5
Electronics,4
Electronics,5
Electronics,4
Electronics,3
Electronics,5
Electronics,4
Electronics,5
Electronics,2
Electronics,3
"Office Supplies,Electronics",5
Electronics,5
"Office Supplies,Electronics",5
Electronics,5
Electronics,5
Electronics,5
Electronics,4
Electronics,5
Electronics,3
Electronics,5
"Office Supplies,Electronics",5
Electronics,4
Electronics,4
Electronics,1
Electronics,4
Electronics,4
Electronics,5
Electronics,5
Electronics,4
Electronics,2
"Office Supplies,Electronics",5
Electronics,5
Electronics,5
Electronics,4
Electronics,5
Electronics,4
Electronics,5
Electronics,4
Electronics,5
Electronics,5
Electronics,5
Electronics,5
Electronics,5
Electronics,5
Electronics,5
Electronics,5
Electronics,5
Electronics,5
Electronics,4
Electronics,3
Electronics,4
Electronics,5
Electronics,5
Electronics,4
Electronics,3
Electronics,5
Electronics,5
"Office Supplies,Electronics",4
Electronics,5
Electronics,4
Electronics,5
Electronics,5
Electronics,5
Electronics,5
Electronics,5
Electronics,4
Electronics,4
Electronics,5
Electronics,5
Electronics,5
Electronics,4
Electronics,3
Electronics,4
Electronics,5
Electronics,5
Electronics,5
"Office Supplies,Electronics",5
"Office Supplies,Electronics",4
Electronics,1
Electronics,3
Electronics,4
Electronics,5
"Office Supplies,Electronics",5
Electronics,4
Electronics,5
Electronics,4
Electronics,5
Electronics,5
Electronics,5
Electronics,3
Electronics,4
Electronics,5
Electronics,4
Electronics,5
"Office Supplies,Electronics",5
Electronics,5
Electronics,5
"Office Supplies,Electronics",5
Electronics,5
"Office Supplies,Electronics",4
Electronics,4
Electronics,5
Electronics,5
Electronics,5
Electronics,5
Electronics,5
Electronics,5
Electronics,5
Electronics,4
Electronics,5
Electronics,5
Electronics,5
"Office Supplies,Electronics",5
Electronics,5
Electronics,4
Electronics,4
Electronics,4
Electronics,4
Electronics,5
Electronics,3
Electronics,5
Electronics,4
Electronics,5
Electronics,5
Electronics,5
Electronics,5
Electronics,5
Electronics,2
Electronics,4
"Office Supplies,Electronics",5
"Office Supplies,Electronics",5
Electronics,5
Electronics,4
Electronics,4
Electronics,5
Electronics,5
Electronics,5
Electronics,5
Electronics,5
Electronics,3
Electronics,3
"Office Supplies,Electronics",4
Electronics,4
"Office Supplies,Electronics",5
Electronics,5
"Office Supplies,Electronics",5
Electronics,5
Electronics,4
Electronics,4
Electronics,5
Electronics,5
Electronics,5
Electronics,1
Electronics,5
Electronics,5
Electronics,4
Electronics,5
Electronics,5
Electronics,4
Electronics,1
Electronics,5
Electronics,5
Electronics,5
"Office Supplies,Electronics",2
Electronics,5
Electronics,1
Electronics,4
Electronics,5
"Office Supplies,Electronics",5
Electronics,5
Electronics,5
Electronics,5
Electronics,4
Electronics,4
Electronics,5
Electronics,4
Electronics,5
Electronics,5
Electronics,5
Electronics,3
Electronics,5
Electronics,5
Electronics,5
Electronics,5
Electronics,5
Electronics,5
Electronics,4
Electronics,4
Electronics,5
Electronics,4
Electronics,4
Electronics,4
Electronics,4
"Office Supplies,Electronics",5
Electronics,3
Electronics,5
Electronics,5
Electronics,5
Electronics,5
Electronics,5
Electronics,5
Electronics,4
Electronics,4
Electronics,5
Electronics,5
Electronics,5
Electronics,5
Electronics,4
Electronics,5
Electronics,5
Electronics,5
Electronics,4
Electronics,1
Electronics,1
Electronics,5
Electronics,5
Electronics,5
Electronics,4
Electronics,4
Electronics,5
Electronics,4
Electronics,4
Electronics,5
Electronics,5
Electronics,5
Electronics,1
Electronics,5
Electronics,5
Electronics,5
Electronics,5
Electronics,5
Electronics,2
Electronics,5
"Office Supplies,Electronics",3
Electronics,5
Electronics,1
Electronics,5
"Office Supplies,Electronics",5
Electronics,4
Electronics,3
Electronics,5
Electronics,5
Electronics,5
Electronics,4
Electronics,5
Electronics,5
Electronics,5
Electronics,5
Electronics,3
Electronics,4
"Office Supplies,Electronics",5
Electronics,4
"Office Supplies,Electronics",5
"Office Supplies,Electronics",5
Electronics,5
Electronics,5
"Office Supplies,Electronics",5
Electronics,5
Electronics,5
Electronics,4
Electronics,5
Electronics,4
Electronics,5
Electronics,5
Electronics,5
Electronics,4
Electronics,5
Electronics,5
Electronics,5
Electronics,4
Electronics,5
Electronics,5
Electronics,4
Electronics,5
Electronics,4
Electronics,4
Electronics,3
"Office Supplies,Electronics",5
Electronics,5
Electronics,4
Electronics,1
Electronics,5
Electronics,4
Electronics,5
Electronics,5
Electronics,5
"Office Supplies,Electronics",3
Electronics,4
Electronics,5
Electronics,5
Electronics,5
Electronics,5
Electronics,5
Electronics,4
Electronics,5
Electronics,5
Electronics,5
Electronics,5
Electronics,5
Electronics,4
Electronics,5
Electronics,4
Electronics,5
Electronics,4
Electronics,5
Electronics,4
Electronics,5
Electronics,5
Electronics,4
Electronics,5
Electronics,5
Electronics,4
Electronics,5
Electronics,5
Electronics,5
Electronics,4
Electronics,4
Electronics,3
Electronics,5
Electronics,3
Electronics,5
Electronics,4
Electronics,5
Electronics,4
Electronics,5
Electronics,5
Electronics,5
Electronics,5
Electronics,5
Electronics,3
Electronics,5
Electronics,5
Electronics,5
Electronics,4
Electronics,5
Electronics,5
Electronics,5
Electronics,5
Electronics,5
"Office Supplies,Electronics",5
Electronics,5
Electronics,5
Electronics,5
Electronics,4
Electronics,4
Electronics,5
Electronics,5
Electronics,5
Electronics,4
Electronics,4
Electronics,4
"Office Supplies,Electronics",4
Electronics,5
"Office Supplies,Electronics",5
Electronics,5
Electronics,5
Electronics,4
Electronics,3
Electronics,5
Electronics,2
Electronics,4
"Office Supplies,Electronics",5
Electronics,5
Electronics,4
Electronics,5
Electronics,5
Electronics,5
Electronics,4
Electronics,5
Electronics,2
Electronics,4
"Office Supplies,Electronics",5
Electronics,5
Electronics,5
Electronics,5
Electronics,5
Electronics,4
Electronics,5
Electronics,5
Electronics,5
Electronics,5
Electronics,4
Electronics,4
Electronics,4
"Office Supplies,Electronics",5
Electronics,3
Electronics,5
Electronics,4
Electronics,5
Electronics,5
Electronics,4
"Office Supplies,Electronics",5
Electronics,5
Electronics,4
Electronics,5
Electronics,4
Electronics,5
Electronics,5
Electronics,5
Electronics,5
Electronics,5
Electronics,5
"Office Supplies,Electronics",5
Electronics,5
Electronics,5
Electronics,5
Electronics,5
Electronics,2
Electronics,5
Electronics,3
Electronics,4
Electronics,5
"Office Supplies,Electronics",5
Electronics,5
Electronics,5
"Office Supplies,Electronics",5
Electronics,4
Electronics,5
Electronics,5
"Office Supplies,Electronics",5
Electronics,5
Electronics,5
Electronics,4
Electronics,5
Electronics,4
Electronics,5
Electronics,4
Electronics,4
Electronics,4
"Office Supplies,Electronics",4
Electronics,3
Electronics,5
Electronics,4
Electronics,4
Electronics,5
Electronics,4
Electronics,4
Electronics,4
Electronics,1
Electronics,5
Electronics,4
Electronics,5
Electronics,5
Electronics,5
"Office Supplies,Electronics",4
Electronics,5
Electronics,5
Electronics,5
Electronics,4
Electronics,5
Electronics,5
Electronics,5
Electronics,5
Electronics,4
Electronics,3
Electronics,5
Electronics,5
Electronics,4
Electronics,5
Electronics,5
Electronics,5
"Office Supplies,Electronics",3
Electronics,5
Electronics,5
Electronics,5
Electronics,5
Electronics,4
Electronics,5
Electronics,5
Electronics,4
Electronics,5
Electronics,5
Electronics,5
"Office Supplies,Electronics",5
Electronics,5
"Office Supplies,Electronics",4
Electronics,5
Electronics,4
Electronics,5
Electronics,5
Electronics,5
Electronics,5
Electronics,5
Electronics,5
Electronics,4
Electronics,3
Electronics,5
Electronics,4
Electronics,4
Electronics,5
Electronics,5
Electronics,5
Electronics,5
Electronics,3
"Office Supplies,Electronics",5
"Office Supplies,Electronics",5
Electronics,5
Electronics,4
Electronics,5
Electronics,5
"Office Supplies,Electronics",4
Electronics,4
Electronics,5
Electronics,5
Electronics,5
Electronics,5
Electronics,5
Electronics,4
Electronics,4
Electronics,5
Electronics,4
Electronics,5
Electronics,5
Electronics,5
"Office Supplies,Electronics",3
Electronics,5
Electronics,4
Electronics,5
Electronics,4
Electronics,4
Electronics,5
Electronics,5
Electronics,4
Electronics,4
Electronics,5
Electronics,5
Electronics,4
Electronics,4
Electronics,5
Electronics,5
Electronics,4
Electronics,5
"Office Supplies,Electronics",3
Electronics,4
Electronics,5
"Office Supplies,Electronics",5
Electronics,5
Electronics,5
Electronics,4
"Office Supplies,Electronics",5
Electronics,4
Electronics,5
Electronics,5
Electronics,5
Electronics,5
Electronics,4
Electronics,4
"Office Supplies,Electronics",5
Electronics,5
Electronics,5
Electronics,5
Electronics,4
"Office Supplies,Electronics",5
Electronics,4
Electronics,4
Electronics,5
"Office Supplies,Electronics",5
Electronics,5
Electronics,5
Electronics,5
Electronics,4
Electronics,5
Electronics,5
"Office Supplies,Electronics",5
Electronics,5
Electronics,5
"Office Supplies,Electronics",4
Electronics,5
Electronics,5
Electronics,4
Electronics,5
Electronics,5
Electronics,5
Electronics,5
Electronics,5
Electronics,5
Electronics,5
Electronics,4
Electronics,4
Electronics,5
Electronics,4
Electronics,5
Electronics,3
Electronics,5
Electronics,5
Electronics,5
Electronics,5
Electronics,5
"Office Supplies,Electronics",5
Electronics,5
"Office Supplies,Electronics",5
Electronics,4
"Office Supplies,Electronics",5
Electronics,5
Electronics,4
"Office Supplies,Electronics",5
Electronics,5
Electronics,4
Electronics,3
Electronics,4
Electronics,5
Electronics,5
Electronics,5
Electronics,5
Electronics,5
Electronics,5
Electronics,5
Electronics,4
Electronics,5
Electronics,5
Electronics,5
Electronics,5
Electronics,5
Electronics,4
Electronics,4
"Office Supplies,Electronics",5
Electronics,5
Electronics,4
Electronics,5
Electronics,4
Electronics,4
Electronics,5
Electronics,5
Electronics,4
Electronics,5
Electronics,4
Electronics,4
Electronics,4
Electronics,4
Electronics,2
Electronics,2
Electronics,5
Electronics,5
"Office Supplies,Electronics",5
Electronics,4
"Office Supplies,Electronics",5
Electronics,5
"Office Supplies,Electronics",5
Electronics,5
"Office Supplies,Electronics",5
Electronics,5
Electronics,5
Electronics,5
"Office Supplies,Electronics",5
"Office Supplies,Electronics",5
Electronics,4
Electronics,5
Electronics,5
Electronics,5
Electronics,5
Electronics,4
Electronics,4
Electronics,4
Electronics,5
Electronics,5
Electronics,5
Electronics,4
"Office Supplies,Electronics",5
Electronics,5
Electronics,5
Electronics,2
Electronics,4
Electronics,5
Electronics,5
Electronics,5
Electronics,5
Electronics,5
Electronics,5
Electronics,5
Electronics,5
Electronics,5
Electronics,5
"Office Supplies,Electronics",5
Electronics,4
Electronics,5
Electronics,5
"Office Supplies,Electronics",4
Electronics,5
Electronics,5
Electronics,5
Electronics,5
"Office Supplies,Electronics",2
Electronics,5
Electronics,4
"Office Supplies,Electronics",4
Electronics,5
Electronics,5
Electronics,4
Electronics,4
Electronics,4
Electronics,5
Electronics,4
Electronics,5
Electronics,4
Electronics,4
Electronics,4
Electronics,5
Electronics,5
Electronics,4
Electronics,4
"Office Supplies,Electronics",5
Electronics,5
Electronics,5
Electronics,5
Electronics,5
Electronics,5
Electronics,4
Electronics,5
"Office Supplies,Electronics",5
Electronics,3
Electronics,5
Electronics,5
Electronics,5
Electronics,4
Electronics,5
Electronics,5
Electronics,5
Electronics,2
Electronics,5
Electronics,5
Electronics,5
Electronics,3
Electronics,4
Electronics,5
Electronics,4
Electronics,5
Electronics,4
Electronics,5
Electronics,5
Electronics,5
Electronics,4
Electronics,5
Electronics,4
Electronics,5
Electronics,5
Electronics,5
Electronics,5
Electronics,5
Electronics,5
Electronics,5
Electronics,4
Electronics,5
Electronics,4
Electronics,4
Electronics,5
Electronics,5
Electronics,5
Electronics,1
Electronics,5
Electronics,4
Electronics,5
Electronics,4
Electronics,5
Electronics,5
Electronics,3
Electronics,5
Electronics,5
Electronics,4
Electronics,2
Electronics,5
Electronics,5
Electronics,4
Electronics,4
Electronics,5
Electronics,5
Electronics,4
Electronics,5
Electronics,5
Electronics,5
Electronics,3
Electronics,5
Electronics,5
Electronics,5
Electronics,5
Electronics,5
Electronics,5
Electronics,5
Electronics,5
Electronics,4
Electronics,5
Electronics,5
Electronics,5
Electronics,5
Electronics,4
Electronics,5
Electronics,5
Electronics,5
Electronics,5
Electronics,5
Electronics,4
Electronics,4
Electronics,4
Electronics,1
Electronics,5
Electronics,5
Electronics,5
Electronics,5
Electronics,5
Electronics,5
Electronics,5
Electronics,5
Electronics,5
Electronics,5
Electronics,5
Electronics,5
Electronics,5
Electronics,5
Electronics,3
Electronics,3
Electronics,4
Electronics,4
Electronics,2
Electronics,5
Electronics,2
Electronics,5
Electronics,5
Electronics,4
Electronics,5
Electronics,4
Electronics,5
Electronics,5
Electronics,5
Electronics,3
Electronics,4
Electronics,5
Electronics,3
Electronics,5
Electronics,5
Electronics,5
Electronics,5
Electronics,5
Electronics,5
Electronics,5
Electronics,5
Electronics,5
Electronics,5
Electronics,5
Electronics,5
Electronics,4
Electronics,5
Electronics,5
Electronics,5
Electronics,3
Electronics,3
Electronics,5
Electronics,5
Electronics,4
Electronics,3
Electronics,5
Electronics,5
Electronics,5
Electronics,5
Electronics,5
Electronics,5
Electronics,5
Electronics,5
Electronics,5
Electronics,4
Electronics,5
Electronics,5
Electronics,4
Electronics,5
Electronics,4
Electronics,5
Electronics,5
Electronics,5
Electronics,5
Electronics,5
Electronics,5
Electronics,4
Electronics,5
Electronics,5
Electronics,2
Electronics,4
Electronics,4
Electronics,4
Electronics,3
Electronics,4
Electronics,5
Electronics,4
Electronics,5
Electronics,5
Electronics,2
Electronics,2
Electronics,5
Electronics,4
Electronics,5
Electronics,4
Electronics,5
Electronics,5
Electronics,4
Electronics,5
Electronics,1
Electronics,4
Electronics,5
Electronics,5
Electronics,5
Electronics,5
Electronics,3
Electronics,5
Electronics,5
Electronics,4
Electronics,4
Electronics,5
Electronics,5
Electronics,4
Electronics,5
Electronics,5
Electronics,5
Electronics,4
Electronics,5
Electronics,4
Electronics,4
Electronics,5
Electronics,5
Electronics,4
Electronics,5
Electronics,5
Electronics,4
Electronics,5
Electronics,5
Electronics,4
Electronics,4
Electronics,5
Electronics,5
Electronics,5
Electronics,5
Electronics,5
Electronics,5
Electronics,3
Electronics,4
Electronics,5
Electronics,5
Electronics,4
Electronics,5
Electronics,5
Electronics,5
Electronics,5
Electronics,4
"Office Supplies,Electronics",5
"Office Supplies,Electronics",5
"Office Supplies,Electronics",5
"Office Supplies,Electronics",4
"Office Supplies,Electronics",5
"Office Supplies,Electronics",4
"Office Supplies,Electronics",5
"Electronics,Media",5
"Office Supplies,Electronics",4
"Office Supplies,Electronics",5
"Office Supplies,Electronics",5
"Office Supplies,Electronics",4
"Office Supplies,Electronics",5
"Office Supplies,Electronics",5
"Office Supplies,Electronics",4
"Electronics,Media",5
"Office Supplies,Electronics",4
"Office Supplies,Electronics",5
"Electronics,Media",4
"Office Supplies,Electronics",4
"Electronics,Media",5
"Office Supplies,Electronics",4
"Electronics,Media",5
"Office Supplies,Electronics",5
"Office Supplies,Electronics",5
"Office Supplies,Electronics",4
"Office Supplies,Electronics",5
"Office Supplies,Electronics",5
"Office Supplies,Electronics",5
"Office Supplies,Electronics",5
"Office Supplies,Electronics",5
"Electronics,Media",5
"Office Supplies,Electronics",5
"Electronics,Media",5
"Office Supplies,Electronics",4
"Office Supplies,Electronics",5
"Office Supplies,Electronics",5
"Office Supplies,Electronics",5
"Office Supplies,Electronics",5
"Office Supplies,Electronics",5
"Office Supplies,Electronics",4
"Office Supplies,Electronics",5
"Office Supplies,Electronics",5
"Office Supplies,Electronics",4
"Office Supplies,Electronics",5
"Electronics,Media",1
"Office Supplies,Electronics",4
"Office Supplies,Electronics",5
"Office Supplies,Electronics",4
"Office Supplies,Electronics",5
"Office Supplies,Electronics",4
"Office Supplies,Electronics",5
"Electronics,Media",5
"Office Supplies,Electronics",5
"Office Supplies,Electronics",3
"Office Supplies,Electronics",5
"Electronics,Media",4
"Office Supplies,Electronics",5
"Office Supplies,Electronics",4
"Office Supplies,Electronics",5
"Office Supplies,Electronics",4
"Office Supplies,Electronics",5
"Office Supplies,Electronics",5
"Office Supplies,Electronics",5
"Office Supplies,Electronics",5
"Office Supplies,Electronics",5
"Office Supplies,Electronics",1
"Office Supplies,Electronics",5
"Office Supplies,Electronics",5
"Office Supplies,Electronics",5
"Office Supplies,Electronics",5
"Office Supplies,Electronics",5
"Office Supplies,Electronics",5
"Office Supplies,Electronics",5
"Office Supplies,Electronics",5
"Office Supplies,Electronics",5
"Electronics,Media",5
"Office Supplies,Electronics",5
"Office Supplies,Electronics",5
"Office Supplies,Electronics",3
"Electronics,Media",5
"Electronics,Media",4
"Office Supplies,Electronics",5
"Office Supplies,Electronics",5
"Office Supplies,Electronics",5
"Office Supplies,Electronics",5
"Office Supplies,Electronics",4
"Office Supplies,Electronics",5
"Office Supplies,Electronics",5
"Office Supplies,Electronics",5
"Office Supplies,Electronics",5
"Office Supplies,Electronics",5
"Electronics,Media",5
"Electronics,Media",5
"Office Supplies,Electronics",5
"Electronics,Media",5
"Electronics,Media",4
"Electronics,Media",5
"Office Supplies,Electronics",5
"Office Supplies,Electronics",4
"Office Supplies,Electronics",5
"Office Supplies,Electronics",3
"Electronics,Media",5
"Electronics,Media",5
"Office Supplies,Electronics",5
"Office Supplies,Electronics",4
"Office Supplies,Electronics",4
"Electronics,Media",5
"Office Supplies,Electronics",5
"Electronics,Media",5
"Office Supplies,Electronics",5
"Office Supplies,Electronics",5
"Office Supplies,Electronics",5
"Office Supplies,Electronics",5
"Office Supplies,Electronics",5
"Office Supplies,Electronics",4
"Office Supplies,Electronics",4
"Office Supplies,Electronics",4
"Electronics,Media",5
"Office Supplies,Electronics",5
"Electronics,Media",5
"Office Supplies,Electronics",4
"Office Supplies,Electronics",5
"Office Supplies,Electronics",5
"Office Supplies,Electronics",5
"Office Supplies,Electronics",5
"Office Supplies,Electronics",5
"Office Supplies,Electronics",5
"Office Supplies,Electronics",5
"Office Supplies,Electronics",5
Electronics,5
Electronics,5
Electronics,4
Electronics,4
Electronics,5
Electronics,5
Electronics,4
Electronics,3
Electronics,5
Electronics,3
Electronics,5
Electronics,4
Electronics,5
Electronics,5
Electronics,5
Electronics,5
Electronics,4
Electronics,5
Electronics,5
Electronics,5
Electronics,5
Electronics,5
Electronics,5
Electronics,4
Electronics,5
Electronics,5
Electronics,5
Electronics,5
Electronics,4
Electronics,5
Electronics,4
Electronics,5
Electronics,4
Electronics,4
Electronics,5
Electronics,5
Electronics,5
Electronics,5
Electronics,5
Electronics,5
Electronics,5
Electronics,5
Electronics,5
Electronics,4
Electronics,5
Electronics,5
Electronics,5
Electronics,4
Electronics,5
Electronics,5
Electronics,5
Electronics,5
Electronics,5
Electronics,5
Electronics,5
Electronics,5
Electronics,5
Electronics,5
Electronics,5
Electronics,5
Electronics,4
Electronics,5
Electronics,4
Electronics,3
Electronics,4
Electronics,5
Electronics,5
Electronics,5
Electronics,3
Electronics,5
Electronics,5
Electronics,4
Electronics,5
Electronics,4
Electronics,5
Electronics,5
Electronics,5
Electronics,5
Electronics,1
Electronics,5
Electronics,5
Electronics,5
Electronics,4
Electronics,5
Electronics,5
Electronics,4
Electronics,5
Electronics,5
Electronics,1
Electronics,5
Electronics,4
Electronics,5
Electronics,5
Electronics,4
Electronics,5
Electronics,5
Electronics,5
Electronics,5
Electronics,4
Electronics,5
Electronics,5
Electronics,5
Electronics,4
Electronics,5
Electronics,5
Electronics,1
Electronics,5
Electronics,4
Electronics,5
Electronics,5
Electronics,5
Electronics,4
Electronics,5
Electronics,4
Electronics,5
Electronics,5
Electronics,5
Electronics,5
Electronics,5
Electronics,4
Electronics,5
Electronics,1
Electronics,4
Electronics,5
Electronics,5
Electronics,5
Electronics,4
Electronics,4
Electronics,4
Electronics,5
Electronics,4
Electronics,4
Electronics,5
Electronics,5
Electronics,4
Electronics,4
Electronics,5
Electronics,5
Electronics,5
Electronics,5
Electronics,4
Electronics,4
Electronics,5
Electronics,5
Electronics,4
Electronics,5
Electronics,4
Electronics,4
Electronics,5
Electronics,5
Electronics,5
Electronics,5
Electronics,5
Electronics,5
Electronics,3
Electronics,4
Electronics,4
Electronics,5
Electronics,5
Electronics,5
Electronics,5
Electronics,5
Electronics,5
Electronics,5
Electronics,5
Electronics,5
Electronics,4
Electronics,5
Electronics,5
Electronics,5
Electronics,5
Electronics,5
Electronics,5
Electronics,5
Electronics,4
Electronics,5
Electronics,5
Electronics,5
Electronics,5
Electronics,3
Electronics,4
Electronics,5
Electronics,5
Electronics,5
Electronics,5
Electronics,5
Electronics,5
Electronics,5
Electronics,5
Electronics,5
Electronics,5
Electronics,4
Electronics,5
Electronics,5
Electronics,5
Electronics,5
Electronics,3
Electronics,5
Electronics,5
Electronics,3
Electronics,5
Electronics,5
Electronics,5
Electronics,5
Electronics,4
Electronics,5
Electronics,3
Electronics,4
Electronics,4
Electronics,3
Electronics,4
Electronics,5
Electronics,4
Electronics,4
Electronics,5
Electronics,5
Electronics,4
Electronics,5
Electronics,5
Electronics,4
Electronics,5
Electronics,5
Electronics,5
Electronics,3
Electronics,5
Electronics,4
Electronics,5
Electronics,4
Electronics,5
Electronics,4
Electronics,5
Electronics,5
Electronics,4
Electronics,4
Electronics,4
Electronics,5
Electronics,5
Electronics,5
Electronics,5
Electronics,5
Electronics,5
Electronics,4
Electronics,4
Electronics,5
Electronics,5
Electronics,4
Electronics,5
Electronics,5
Electronics,4
Electronics,5
Electronics,4
Electronics,5
Electronics,4
Electronics,5
Electronics,5
Electronics,5
Electronics,4
Electronics,5
Electronics,4
Electronics,4
Electronics,5
Electronics,4
Electronics,4
Electronics,5
Electronics,5
Electronics,5
Electronics,4
Electronics,4
Electronics,5
Electronics,4
Electronics,5
Electronics,5
Electronics,5
Electronics,5
Electronics,4
Electronics,5
Electronics,5
Electronics,5
Electronics,5
Electronics,5
Electronics,5
Electronics,5
Electronics,5
Electronics,5
Electronics,5
Electronics,5
Electronics,5
Electronics,5
Electronics,5
Electronics,5
Electronics,4
Electronics,3
Electronics,4
Electronics,4
Electronics,5
Electronics,4
Electronics,5
Electronics,4
Electronics,4
Electronics,5
Electronics,5
Electronics,4
Electronics,4
Electronics,5
Electronics,5
Electronics,4
Electronics,5
Electronics,5
Electronics,4
Electronics,5
Electronics,5
Electronics,5
Electronics,4
Electronics,4
Electronics,4
Electronics,4
Electronics,5
Electronics,5
Electronics,5
Electronics,5
Electronics,5
Electronics,4
Electronics,4
Electronics,5
Electronics,5
Electronics,4
Electronics,5
Electronics,2
Electronics,5
Electronics,4
Electronics,5
Electronics,5
Electronics,5
Electronics,1
Electronics,5
Electronics,5
Electronics,5
Electronics,5
Electronics,4
Electronics,4
Electronics,5
Electronics,4
Electronics,4
Electronics,5
Electronics,5
Electronics,5
Electronics,5
Electronics,5
Electronics,5
Electronics,5
Electronics,5
Electronics,5
Electronics,5
Electronics,4
Electronics,4
Electronics,5
Electronics,5
Electronics,3
Electronics,4
Electronics,5
Electronics,5
Electronics,5
Electronics,5
Electronics,5
Electronics,5
Electronics,5
Electronics,5
Electronics,5
Electronics,5
Electronics,5
Electronics,5
Electronics,4
Electronics,5
Electronics,4
Electronics,4
Electronics,5
Electronics,4
Electronics,4
Electronics,5
Electronics,4
Electronics,4
Electronics,5
Electronics,5
Electronics,5
Electronics,5
Electronics,5
Electronics,5
Electronics,5
Electronics,5
Electronics,5
Electronics,5
Electronics,4
Electronics,3
Electronics,5
Electronics,5
Electronics,5
Electronics,5
Electronics,5
Electronics,4
Electronics,5
Electronics,5
Electronics,5
Electronics,5
Electronics,5
Electronics,5
Electronics,5
Electronics,5
Electronics,5
Electronics,5
Electronics,5
Electronics,2
Electronics,5
Electronics,5
Electronics,5
Electronics,5
Electronics,5
Electronics,5
Electronics,5
Electronics,5
Electronics,5
Electronics,5
Electronics,5
Electronics,5
Electronics,5
Electronics,5
Electronics,5
Electronics,4
Electronics,4
Electronics,5
Electronics,4
Electronics,5
Electronics,5
Electronics,5
Electronics,5
Electronics,4
Electronics,4
Electronics,5
Electronics,5
Electronics,4
Electronics,5
Electronics,5
Electronics,5
Electronics,4
Electronics,5
Electronics,4
Electronics,3
Electronics,5
Electronics,4
Electronics,5
Electronics,5
Electronics,5
Electronics,5
Electronics,4
Electronics,5
Electronics,5
Electronics,4
Electronics,5
Electronics,4
Electronics,5
Electronics,1
Electronics,5
Electronics,5
Electronics,5
Electronics,5
Electronics,5
Electronics,3
Electronics,5
Electronics,2
Electronics,5
Electronics,4
Electronics,5
Electronics,4
Electronics,5
Electronics,2
Electronics,5
Electronics,5
Electronics,5
Electronics,5
Electronics,2
Electronics,5
Electronics,5
Electronics,5
Electronics,5
Electronics,3
Electronics,4
Electronics,5
Electronics,4
Electronics,4
Electronics,5
Electronics,5
Electronics,5
Electronics,5
Electronics,5
Electronics,5
Electronics,4
Electronics,4
Electronics,5
Electronics,4
Electronics,5
Electronics,5
Electronics,5
Electronics,4
Electronics,5
Electronics,5
Electronics,4
Electronics,5
Electronics,4
Electronics,5
Electronics,4
Electronics,4
Electronics,5
Electronics,5
Electronics,5
Electronics,5
Electronics,5
Electronics,5
Electronics,5
Electronics,4
Electronics,5
Electronics,5
Electronics,4
Electronics,5
Electronics,4
Electronics,5
Electronics,4
Electronics,5
Electronics,5
Electronics,4
Electronics,5
Electronics,5
Electronics,4
Electronics,5
Electronics,5
Electronics,5
Electronics,4
Electronics,5
Electronics,4
Electronics,5
Electronics,5
Electronics,4
Electronics,4
Electronics,4
Electronics,4
Electronics,5
Electronics,5
Electronics,5
Electronics,5
Electronics,5
Electronics,4
Electronics,5
Electronics,5
Electronics,5
Electronics,5
Electronics,4
Electronics,5
Electronics,4
Electronics,4
Electronics,5
Electronics,5
Electronics,5
Electronics,4
Electronics,5
Electronics,5
Electronics,5
Electronics,5
Electronics,5
Electronics,5
Electronics,5
Electronics,4
Electronics,5
Electronics,5
Electronics,5
Electronics,4
Electronics,4
Electronics,5
Electronics,3
Electronics,4
Electronics,5
Electronics,5
Electronics,5
Electronics,4
Electronics,4
Electronics,4
Electronics,5
Electronics,5
Electronics,5
Electronics,5
Electronics,5
Electronics,5
Electronics,5
Electronics,4
Electronics,5
Electronics,4
Electronics,5
Electronics,5
Electronics,5
Electronics,4
Electronics,4
Electronics,4
Electronics,5
Electronics,5
Electronics,5
Electronics,5
Electronics,5
Electronics,5
Electronics,4
Electronics,4
Electronics,5
Electronics,1
Electronics,5
Electronics,5
Electronics,5
Electronics,5
Electronics,4
Electronics,5
Electronics,5
Electronics,5
Electronics,5
Electronics,3
Electronics,5
Electronics,4
Electronics,5
Electronics,4
Electronics,5
Electronics,5
Electronics,5
Electronics,4
Electronics,5
Electronics,5
Electronics,5
Electronics,5
Electronics,4
Electronics,4
Electronics,5
Electronics,5
Electronics,5
Electronics,5
Electronics,5
Electronics,4
Electronics,5
Electronics,5
Electronics,4
Electronics,5
Electronics,4
Electronics,4
Electronics,5
Electronics,5
Electronics,5
Electronics,5
Electronics,5
Electronics,5
Electronics,4
Electronics,5
Electronics,5
Electronics,5
Electronics,5
Electronics,4
Electronics,3
Electronics,4
Electronics,5
Electronics,5
Electronics,4
Electronics,2
Electronics,4
Electronics,5
Electronics,5
Electronics,4
Electronics,5
Electronics,5
Electronics,4
Electronics,5
Electronics,5
Electronics,5
Electronics,5
Electronics,5
Electronics,5
Electronics,4
Electronics,5
Electronics,5
Electronics,5
Electronics,5
Electronics,4
Electronics,4
Electronics,5
Electronics,5
Electronics,4
Electronics,5
Electronics,5
Electronics,5
Electronics,4
Electronics,4
Electronics,4
Electronics,4
Electronics,5
Electronics,5
Electronics,4
Electronics,5
Electronics,5
Electronics,4
Electronics,5
Electronics,5
Electronics,5
Electronics,4
Electronics,5
Electronics,4
Electronics,5
Electronics,5
Electronics,3
Electronics,4
Electronics,4
Electronics,4
Electronics,5
Electronics,5
Electronics,4
Electronics,5
Electronics,4
Electronics,5
Electronics,5
Electronics,5
Electronics,5
Electronics,5
Electronics,4
Electronics,5
Electronics,5
Electronics,4
Electronics,5
Electronics,5
Electronics,5
Electronics,5
Electronics,4
Electronics,5
Electronics,5
Electronics,5
Electronics,5
Electronics,3
Electronics,5
Electronics,5
Electronics,5
Electronics,5
Electronics,4
Electronics,5
Electronics,5
Electronics,5
Electronics,5
Electronics,5
Electronics,4
Electronics,4
Electronics,4
Electronics,4
Electronics,5
Electronics,3
Electronics,5
Electronics,5
Electronics,5
Electronics,5
Electronics,4
Electronics,5
Electronics,5
Electronics,5
Electronics,5
Electronics,5
Electronics,5
Electronics,5
Electronics,5
Electronics,5
Electronics,5
Electronics,5
Electronics,4
Electronics,5
Electronics,4
Electronics,4
Electronics,3
Electronics,4
Electronics,5
Electronics,5
Electronics,5
Electronics,4
Electronics,5
Electronics,4
Electronics,4
Electronics,4
Electronics,4
Electronics,5
Electronics,5
Electronics,5
Electronics,4
Electronics,4
Electronics,4
Electronics,3
Electronics,5
Electronics,3
Electronics,4
Electronics,5
Electronics,4
Electronics,5
Electronics,4
Electronics,5
Electronics,5
Electronics,5
Electronics,5
Electronics,5
Electronics,4
Electronics,5
Electronics,5
Electronics,4
Electronics,4
Electronics,5
Electronics,5
Electronics,5
Electronics,5
Electronics,3
Electronics,5
Electronics,4
Electronics,5
Electronics,5
Electronics,5
Electronics,5
Electronics,5
Electronics,5
Electronics,4
Electronics,5
Electronics,5
Electronics,5
Electronics,5
Electronics,5
Electronics,5
Electronics,5
Electronics,4
Electronics,4
Electronics,5
Electronics,5
Electronics,3
Electronics,5
Electronics,5
Electronics,5
Electronics,5
Electronics,5
Electronics,4
Electronics,5
Electronics,5
Electronics,5
Electronics,4
Electronics,4
Electronics,4
Electronics,4
Electronics,4
Electronics,3
Electronics,5
Electronics,5
Electronics,5
Electronics,5
Electronics,5
Electronics,4
Electronics,5
Electronics,4
Electronics,4
Electronics,4
Electronics,5
Electronics,5
Electronics,5
Electronics,5
Electronics,5
Electronics,5
Electronics,5
Electronics,5
Electronics,5
Electronics,4
Electronics,5
Electronics,4
Electronics,5
Electronics,5
Electronics,4
Electronics,5
Electronics,5
Electronics,5
Electronics,4
Electronics,4
Electronics,5
Electronics,5
Electronics,5
Electronics,4
Electronics,2
Electronics,5
Electronics,5
Electronics,4
Electronics,5
Electronics,5
Electronics,5
Electronics,5
Electronics,5
Electronics,5
Electronics,5
Electronics,5
Electronics,5
Electronics,5
Electronics,5
Electronics,5
Electronics,5
Electronics,5
Electronics,5
Electronics,4
Electronics,5
Electronics,4
Electronics,4
Electronics,5
Electronics,5
Electronics,4
Electronics,5
Electronics,5
Electronics,5
Electronics,5
Electronics,5
Electronics,5
Electronics,3
Electronics,4
Electronics,4
Electronics,4
Electronics,5
Electronics,5
Electronics,5
Electronics,4
Electronics,5
Electronics,5
Electronics,2
Electronics,5
Electronics,5
Electronics,4
Electronics,3
Electronics,4
Electronics,3
Electronics,5
Electronics,4
Electronics,5
Electronics,4
Electronics,1
Electronics,5
Electronics,5
Electronics,5
Electronics,4
Electronics,5
Electronics,5
Electronics,5
Electronics,5
Electronics,5
Electronics,3
Electronics,5
Electronics,2
Electronics,5
Electronics,5
Electronics,5
Electronics,5
Electronics,3
Electronics,4
Electronics,4
Electronics,5
Electronics,5
Electronics,4
Electronics,4
Electronics,5
Electronics,4
Electronics,4
Electronics,5
Electronics,5
Electronics,4
Electronics,5
Electronics,4
Electronics,5
Electronics,5
Electronics,4
Electronics,5
Electronics,5
Electronics,4
Electronics,3
Electronics,4
Electronics,3
Electronics,5
Electronics,5
Electronics,5
Electronics,5
Electronics,5
Electronics,5
Electronics,1
Electronics,1
Electronics,4
Electronics,5
Electronics,5
Electronics,4
Electronics,5
Electronics,5
Electronics,5
Electronics,5
Electronics,5
Electronics,5
Electronics,4
Electronics,5
Electronics,4
Electronics,4
Electronics,4
Electronics,4
Electronics,3
Electronics,5
Electronics,4
Electronics,5
Electronics,5
Electronics,5
Electronics,5
Electronics,5
Electronics,5
Electronics,1
Electronics,5
Electronics,5
Electronics,5
Electronics,5
Electronics,4
Electronics,5
Electronics,5
Electronics,5
Electronics,5
Electronics,5
Electronics,4
Electronics,5
Electronics,4
Electronics,5
Electronics,5
Electronics,5
Electronics,4
Electronics,5
Electronics,3
Electronics,5
Electronics,3
Electronics,5
Electronics,5
Electronics,5
Electronics,5
Electronics,4
Electronics,5
Electronics,5
Electronics,5
Electronics,5
Electronics,4
Electronics,5
Electronics,5
Electronics,5
Electronics,5
Electronics,5
Electronics,4
Electronics,5
Electronics,3
Electronics,5
Electronics,5
Electronics,5
Electronics,4
Electronics,4
Electronics,5
Electronics,4
Electronics,4
Electronics,5
Electronics,5
Electronics,3
Electronics,5
Electronics,5
Electronics,5
Electronics,5
Electronics,5
Electronics,5
Electronics,5
Electronics,3
Electronics,5
Electronics,4
Electronics,5
Electronics,5
Electronics,5
Electronics,5
Electronics,5
Electronics,4
Electronics,4
Electronics,5
Electronics,5
Electronics,4
Electronics,5
Electronics,4
Electronics,5
Electronics,4
Electronics,4
Electronics,5
Electronics,5
Electronics,5
Electronics,5
Electronics,4
Electronics,1
Electronics,5
Electronics,5
Electronics,5
Electronics,5
Electronics,5
Electronics,3
Electronics,3
Electronics,5
Electronics,5
Electronics,5
Electronics,5
Electronics,4
Electronics,5
Electronics,4
Electronics,4
Electronics,5
Electronics,5
Electronics,5
Electronics,5
Electronics,5
Electronics,5
Electronics,5
Electronics,4
Electronics,5
Electronics,5
Electronics,5
Electronics,4
Electronics,5
Electronics,5
Electronics,5
Electronics,5
Electronics,5
Electronics,4
Electronics,4
Electronics,5
Electronics,5
Electronics,4
Electronics,5
Electronics,4
Electronics,4
Electronics,5
Electronics,5
Electronics,5
Electronics,5
Electronics,3
Electronics,5
Electronics,5
Electronics,4
Electronics,5
Electronics,5
Electronics,5
Electronics,5
Electronics,5
Electronics,5
Electronics,4
Electronics,5
Electronics,4
Electronics,5
Electronics,4
Electronics,5
Electronics,4
Electronics,4
Electronics,5
Electronics,5
Electronics,5
Electronics,5
Electronics,5
Electronics,5
Electronics,5
Electronics,5
Electronics,5
Electronics,4
Electronics,4
Electronics,5
Electronics,5
Electronics,5
Electronics,5
Electronics,4
Electronics,5
Electronics,2
Electronics,5
Electronics,1
Electronics,5
Electronics,5
Electronics,5
Electronics,5
Electronics,5
Electronics,3
Electronics,5
Electronics,4
Electronics,5
Electronics,5
Electronics,5
Electronics,5
Electronics,4
Electronics,5
Electronics,5
Electronics,1
Electronics,5
Electronics,5
Electronics,4
Electronics,5
Electronics,5
Electronics,4
Electronics,5
Electronics,5
Electronics,5
Electronics,4
Electronics,5
Electronics,5
Electronics,5
Electronics,4
Electronics,5
Electronics,5
Electronics,3
Electronics,4
Electronics,5
Electronics,5
Electronics,5
Electronics,5
Electronics,5
Electronics,1
Electronics,5
Electronics,4
Electronics,5
Electronics,3
Electronics,5
Electronics,5
Electronics,4
Electronics,5
Electronics,5
Electronics,5
Electronics,5
Electronics,5
Electronics,5
Electronics,5
Electronics,3
Electronics,4
Electronics,5
Electronics,5
Electronics,4
Electronics,5
Electronics,5
Electronics,5
Electronics,5
Electronics,5
Electronics,4
Electronics,5
Electronics,4
Electronics,5
Electronics,5
Electronics,5
Electronics,5
Electronics,4
Electronics,4
Electronics,5
Electronics,4
Electronics,5
Electronics,5
Electronics,5
Electronics,5
Electronics,4
Electronics,5
Electronics,5
Electronics,1
Electronics,4
Electronics,5
Electronics,4
Electronics,4
Electronics,4
Electronics,4
Electronics,4
Electronics,5
Electronics,5
Electronics,3
Electronics,5
Electronics,5
Electronics,4
Electronics,5
Electronics,4
Electronics,4
Electronics,5
Electronics,5
Electronics,5
Electronics,5
Electronics,5
Electronics,5
Electronics,1
Electronics,5
Electronics,4
Electronics,5
Electronics,5
Electronics,5
Electronics,5
Electronics,5
Electronics,5
Electronics,5
Electronics,5
Electronics,5
Electronics,5
Electronics,5
Electronics,4
Electronics,5
Electronics,5
Electronics,4
Electronics,5
Electronics,4
Electronics,5
Electronics,5
Electronics,1
Electronics,4
Electronics,5
Electronics,5
Electronics,4
Electronics,5
Electronics,5
Electronics,5
Electronics,3
Electronics,4
Electronics,4
Electronics,5
Electronics,4
Electronics,5
Electronics,5
Electronics,4
Electronics,5
Electronics,5
Electronics,5
Electronics,5
Electronics,4
Electronics,4
Electronics,5
Electronics,4
Electronics,3
Electronics,3
Electronics,4
Electronics,5
Electronics,5
Electronics,4
Electronics,5
Electronics,1
Electronics,5
Electronics,4
Electronics,5
Electronics,5
Electronics,5
Electronics,5
Electronics,4
Electronics,5
Electronics,4
Electronics,5
Electronics,4
Electronics,1
Electronics,5
Electronics,5
Electronics,5
Electronics,5
Electronics,5
Electronics,4
Electronics,5
Electronics,5
Electronics,4
Electronics,4
Electronics,5
Electronics,5
Electronics,5
Electronics,5
Electronics,5
Electronics,5
Electronics,5
Electronics,4
Electronics,5
Electronics,5
Electronics,5
Electronics,5
Electronics,5
Electronics,5
Electronics,5
Electronics,4
Electronics,4
Electronics,5
Electronics,4
Electronics,5
Electronics,5
Electronics,5
Electronics,5
Electronics,5
Electronics,5
Electronics,5
Electronics,5
Electronics,3
Electronics,5
Electronics,4
Electronics,5
Electronics,5
Electronics,4
Electronics,5
Electronics,5
Electronics,5
Electronics,3
Electronics,5
Electronics,4
Electronics,5
Electronics,5
Electronics,5
Electronics,5
Electronics,5
Electronics,4
Electronics,5
Electronics,4
Electronics,4
Electronics,4
Electronics,5
Electronics,5
Electronics,5
Electronics,5
Electronics,5
Electronics,4
Electronics,4
Electronics,5
Electronics,5
Electronics,1
Electronics,4
Electronics,5
Electronics,5
Electronics,5
Electronics,4
Electronics,5
Electronics,5
Electronics,5
Electronics,1
Electronics,5
Electronics,5
Electronics,5
Electronics,5
Electronics,5
Electronics,5
Electronics,5
Electronics,5
Electronics,5
Electronics,5
Electronics,5
Electronics,5
Electronics,4
Electronics,5
Electronics,5
Electronics,5
Electronics,5
Electronics,4
Electronics,5
Electronics,5
Electronics,5
Electronics,5
Electronics,5
Electronics,5
Electronics,5
Electronics,5
Electronics,5
Electronics,5
Electronics,5
Electronics,5
Electronics,5
Electronics,5
Electronics,5
Electronics,1
Electronics,5
Electronics,5
Electronics,5
Electronics,4
Electronics,5
Electronics,5
Electronics,5
Electronics,5
Electronics,5
Electronics,5
Electronics,4
Electronics,3
Electronics,5
Electronics,5
Electronics,5
Electronics,5
Electronics,5
Electronics,5
Electronics,4
Electronics,5
Electronics,4
Electronics,5
Electronics,5
Electronics,4
Electronics,5
Electronics,5
Electronics,5
Electronics,1
Electronics,5
Electronics,5
Electronics,5
Electronics,5
Electronics,4
Electronics,5
Electronics,4
Electronics,5
Electronics,5
Electronics,5
Electronics,5
Electronics,5
Electronics,4
Electronics,5
Electronics,5
Electronics,4
Electronics,5
Electronics,4
Electronics,3
Electronics,5
Electronics,5
Electronics,4
Electronics,5
Electronics,5
Electronics,5
Electronics,4
Electronics,5
Electronics,5
Electronics,4
Electronics,5
Electronics,5
Electronics,5
Electronics,5
Electronics,4
Electronics,5
Electronics,5
Electronics,5
Electronics,5
Electronics,5
Electronics,5
Electronics,5
Electronics,1
Electronics,5
Electronics,4
Electronics,5
Electronics,5
Electronics,5
Electronics,4
Electronics,4
Electronics,5
Electronics,5
Electronics,5
Electronics,4
Electronics,4
Electronics,5
Electronics,5
Electronics,3
Electronics,4
Electronics,5
Electronics,5
Electronics,5
Electronics,4
Electronics,4
Electronics,5
Electronics,5
Electronics,5
Electronics,4
Electronics,5
Electronics,5
Electronics,5
Electronics,4
Electronics,5
Electronics,5
Electronics,5
Electronics,5
Electronics,4
Electronics,5
Electronics,5
Electronics,5
Electronics,5
Electronics,2
Electronics,4
Electronics,4
Electronics,5
Electronics,5
Electronics,5
Electronics,5
Electronics,4
Electronics,4
Electronics,4
Electronics,5
Electronics,5
Electronics,5
Electronics,5
Electronics,5
Electronics,5
Electronics,4
Electronics,4
Electronics,5
Electronics,5
Electronics,5
Electronics,4
Electronics,5
Electronics,5
Electronics,5
Electronics,4
Electronics,4
Electronics,4
Electronics,4
Electronics,4
Electronics,5
Electronics,4
Electronics,5
Electronics,5
Electronics,5
Electronics,5
Electronics,5
Electronics,5
Electronics,5
Electronics,4
Electronics,5
Electronics,3
Electronics,5
Electronics,4
Electronics,5
Electronics,5
Electronics,5
Electronics,5
Electronics,5
Electronics,1
Electronics,5
Electronics,4
Electronics,5
Electronics,5
Electronics,4
Electronics,5
Electronics,5
Electronics,5
Electronics,5
Electronics,5
Electronics,4
Electronics,4
Electronics,4
Electronics,5
Electronics,5
Electronics,4
Electronics,4
Electronics,2
Electronics,4
Electronics,4
Electronics,4
Electronics,3
Electronics,4
Electronics,5
Electronics,4
Electronics,4
Electronics,4
Electronics,5
Electronics,5
Electronics,5
Electronics,4
Electronics,5
Electronics,5
Electronics,5
Electronics,5
Electronics,4
Electronics,5
Electronics,4
Electronics,5
Electronics,5
Electronics,5
Electronics,5
Electronics,5
Electronics,4
Electronics,5
Electronics,5
